nazwa;adres;strona_internetowa;lat;long;ocena;ilosc_recenzji;highlights;accessibility;Offerings;Dining_options;Amenities;Atmosphere;Crowd;Payments;open_hours_monday;close_monay;tuesday;close_tue;wednesday;closed_wed;thursday;closed_thu;friday;closed_fri;saturday;closed_sat;sunday;closed_sun;czy_sieciowka
Pijalnia Wódki i Piwa;Rynek 13/14, 50-101 Wrocław;NaN;51.110446;17.0325678;4,2;537;Great cocktails;Wheelchair accessible entrance;Beer,Wine;NaN;toilet;Casual;Groups;Nan;08:00:00;18:00:00;08:00:00;18:00:00;08:00:00;18:00:00;08:00:00;18:00:00;08:00:00;18:00:00;08:00:00;18:00:00;08:00:00;18:00:00;0
Forma Plynna;wybrzeże Stanisława Wyspiańskiego 20, 50-370 Wrocław;https://www.facebook.com/FormaPlynna/;51.1079538;17.0571862;4,6;303;Great cocktails;NaN;Beer,Wine;NaN;toilet;Casual,Cosy,Trending;Groups;NaN;12:00:00;00:00:00;12:00:00;00:00:00;12:00:00;00:00:00;12:00:00;00:00:00;12:00:00;00:00:00;12:00:00;00:00:00;12:00:00;00:00:00;0
Pizzeria Bravo;plac Grunwaldzki 18, 48-300 Wrocław;http://www.bravo.wroclaw.pl/;51.1110568;17.0579052;4;587;NaN;Wheelchair accessible entrance;Vegetarian options;delivery;Good for kids;Casual,Cosy;Groups;NaN;11:00:00;23:00:00;11:00:00;23:00:00;11:00:00;23:00:00;11:00:00;23:00:00;11:00:00;23:00:00;11:00:00;23:00:00;11:00:00;23:00:00;0
Warzywniak;plac Grunwaldzki 18-20, 50-348 Wrocław;NaN;51.1110568;17.0579052;4,6;170;Fireplace,Live music;Wheelchair accessible entrance;Beer,Halal food,late-night food,Vegetarian options;Breakfast,Lunch,Dinner,Catering,delivery,dessert,Seating;Good for kids;Casual,Cosy;Family friendly,Groups;Debit card;11:00:00;20:00:00;11:00:00;20:00:00;11:00:00;20:00:00;11:00:00;20:00:00;11:00:00;20:00:00;11:00:00;20:00:00;Closed;Closed;0
Remont Bar;plac Grunwaldzki 18, 48-300 Wrocław;https://www.facebook.com/Bar.Remont;51.1112105;17.0583858;4,4;374;Great cocktails,Sport;Wheelchair accessible entrance;Beer,Wine;toilet;NaN;Casual,Cosy;Groups;NaN;11:00:00;00:00:00;11:00:00;00:00:00;11:00:00;00:00:00;11:00:00;00:00:00;11:00:00;00:00:00;11:00:00;00:00:00;11:00:00;00:00:00;0
ZZtop 2 zupy i zapiekanki;Curie-Skłodowskiej 11/1, 50-381 Wrocław;https://www.facebook.com/zztopwroclaw/;51.111962;17.0572089;4,3;29;Karaoke;NaN;NaN;NaN;toilet;Casual,Cosy;NaN;debit card;12:00:00;19:00:00;12:00:00;19:00:00;12:00:00;19:00:00;12:00:00;19:00:00;12:00:00;19:00:00;12:00:00;19:00:00;Closed;Closed;0
Thali;Curie-Skłodowskiej 5, 50-381 Wrocław;https://www.facebook.com/thaliwroclove/;51.111962;17.0572089;4,5;368;NaN;NaN;Halal food,Kids' menu;delivery;toilet;Casual,Cosy;Groups;debit card;12:00:00;21:30:00;12:00:00;21:30:00;12:00:00;21:30:00;12:00:00;21:30:00;12:00:00;21:30:00;12:00:00;21:30:00;12:00:00;21:30:00;0
U Gruzina;Curie-Skłodowskiej 3, 50-381 Wrocław;NaN;51.1120851;17.0568548;4,5;360;NaN;NaN;Vegetarian options;NaN;NaN;Casual,Cosy;NaN;NaN;11:00:00;21:00:00;11:00:00;21:00:00;11:00:00;21:00:00;11:00:00;21:00:00;11:00:00;21:00:00;11:00:00;21:00:00;11:00:00;21:00:00;0
Pizza Hut;Curie-Skłodowskiej 1, 50-381 Wrocław;https://pizzahut.pl/#Choosedelivery;51.1121848;17.0565367;4,2;431;Fireplace,Live music,Outdoor seating;NaN;Halal food,Kids' menu,late-night food,Salad bar,Vegetarian options;delivery,dessert;Good for kids;Casual,Cosy;Groups;debit card;11:00:00;22:00:00;11:00:00;22:00:00;11:00:00;22:00:00;11:00:00;22:00:00;11:00:00;22:00:00;12:00:00;22:00:00;12:00:00;22:00:00;1
Pub Studencki Przekręt;Curie-Skłodowskiej 1, 50-381 Wrocław;https://www.facebook.com/PrzekretPubStudencki;51.1121921;17.0564048;4,5;364;Bar games, Great cocktails;NaN;Beer,Wine;NaN;toilet;Casual,Cosy;Groups;NaN;10:00:00;02:00:00;10:00:00;02:00:00;10:00:00;02:00:00;10:00:00;03:00:00;10:00:00;03:00:00;12:00:00;00:00:00;00:00:00;16:00:00;0
Frankie's;Curie-Skłodowskiej 12, 50-381 Wrocław;http://frankies.pl/;51.11236;17.0568341;3,7;48;NaN;NaN;NaN;NaN;NaN;Casual,Cosy;NaN;NaN;08:00:00;20:00:00;08:00:00;20:00:00;08:00:00;20:00:00;08:00:00;20:00:00;08:00:00;20:00:00;10:00:00;19:00:00;10:00:00;19:00:00;1
Bar obiadowy Swojska Chatka;Reja 2C, 48-300 Wrocław;http://swojskachatka.pl/;51.1127558;17.0562586;4,1;37;NaN;NaN;NaN;NaN;NaN;NaN;NaN;NaN;10:00:00;18:00:00;10:00:00;18:00:00;10:00:00;18:00:00;10:00:00;18:00:00;10:00:00;18:00:00;Closed;Closed;Closed;Closed;0
Gluten Appetit;Szczytnicka 54/1b, 50-382 Wrocław;https://www.facebook.com/pg/GlutenAppetitBistro/about/?ref=page_internal;51.1128275;17.0561202;4,5;185;NaN;NaN;Vegetarian options;Good for kids;NaN;Casual,Cosy;Groups;NaN;11:00:00;19:00:00;11:00:00;19:00:00;11:00:00;19:00:00;11:00:00;19:00:00;11:00:00;19:00:00;11:00:00;19:00:00;12:00:00;19:00:00;0
Bar Pho Viet;Ładna 1A, 50-353 Wrocław;https://barphoviet0.eatbu.com/;51.1128867;17.0559376;4,4;183;NaN;NaN;Vegetarian options;delivery;NaN;Casual,Cosy;Groups;NaN;10:00:00;20:00:00;10:00:00;20:00:00;10:00:00;20:00:00;10:00:00;20:00:00;10:00:00;20:00:00;10:00:00;20:00:00;12:00:00;20:00:00;0
Fabryka Spaghetti;Szczytnicka 54/1D, 50-382 Wrocław;https://www.fabrykaspaghetti.pl/;51.1128867;17.0559376;2,9;69;NaN;NaN;NaN;NaN;NaN;NaN;NaN;NaN;11:00:00;19:00:00;11:00:00;19:00:00;11:00:00;19:00:00;11:00:00;19:00:00;11:00:00;19:00:00;12:00:00;19:00:00;Closed;Closed;0
Cybermachina;Szczytnicka 52, 50-382 Wrocław;https://www.facebook.com/Cybermachina;51.1129667;17.055764;4,6;528;Bar games;NaN;Beer;NaN;toilet;Casual,Cosy;NaN;NaN;14:00:00;01:00:00;14:00:00;01:00:00;14:00:00;01:00:00;14:00:00;04:00:00;14:00:00;04:00:00;14:00:00;04:00:00;14:00:00;01:00:00;1
Pici Pasta Wratislavia;Szczytnicka 38 b, 50-382 Wrocław;https://www.facebook.com/PiciPastaWratislavia/;51.1133305;17.0542896;4,6;31;NaN;NaN;NaN;NaN;NaN;NaN;NaN;NaN;11:00:00;17:30:00;11:00:00;17:30:00;11:00:00;17:30:00;11:00:00;17:30:00;11:00:00;17:30:00;12:00:00;20:00:00;Closed;Closed;0
Like It;Szczytnicka 36a, 48-300 Wrocław;https://www.facebook.com/LikeItSzczytnicka/;51.1133571;17.0541022;4,5;71;NaN;NaN;NaN;NaN;NaN;Cosy,Casual;NaN;debit card;09:00:00;18:00:00;09:00:00;18:00:00;09:00:00;18:00:00;09:00:00;18:00:00;09:00:00;18:00:00;Closed;Closed;Closed;Closed;0
Przełam Lody;Curie-Skłodowskiej 91, 50-001 Wrocław;https://www.facebook.com/Prze%C5%82am-Lody-Cafe-1580912612180630/;51.1082989;17.0683133;4,5;473;NaN;NaN;NaN;NaN;NaN;NaN;NaN;NaN;09:30:00;21:00:00;09:30:00;21:00:00;09:30:00;21:00:00;09:30:00;21:00:00;09:30:00;21:00:00;09:30:00;21:00:00;09:30:00;21:00:00;0
Restauracja Przystanek ZOO | Wrocław;Wróblewskiego 1, 51-618 Wrocław;http://www.przystanekzoo.pl/;51.1070841;17.0712675;4,1;295;NaN;Wheelchair accessible entrance;Beer,Wine;Breakfast,Lunch,Dinner;bar onsite,Good for kids;Casual,Cosy,Trending;Groups;debit card;11:00:00;21:00:00;11:00:00;21:00:00;11:00:00;21:00:00;11:00:00;21:00:00;11:00:00;21:00:00;11:00:00;21:00:00;10:00:00;20:00:00;0
ZaZoo Beach Bar;Wybrzeże Wyspiańskiego 39E, 50-370 Wrocław;https://www.facebook.com/ZaZooBeachBar;51.1045223;17.0688221;4,5;581;Great cocktails;NaN;Beer,Wine;NaN;toilet;Casual,Cosy,Trending;Groups;NaN;12:00:00;00:00:00;12:00:00;00:00:00;12:00:00;00:00:00;12:00:00;00:00:00;11:00:00;00:00:00;11:00:00;00:00:00;11:00:00;00:00:00;0
Karczma Koala Grill;Wróblewskiego 1-5, 50-001 Wrocław;http://www.koala-wroclaw.pl/;51.1038317;17.0731533;3,2;93;NaN;NaN;NaN;NaN;NaN;Casual;Groups;NaN;09:00:00;17:00:00;09:00:00;17:00:00;09:00:00;17:00:00;09:00:00;17:00:00;09:00:00;17:00:00;09:00:00;17:00:00;09:00:00;18:00:00;0
Pergola;Wystawowa 1, 51-618 Wrocław;http://restauracja-pergola.pl/;51.1073349;17.0769763;3,3;230;Fireplace,Live music;NaN;NaN;NaN;bar onsite,Good for kids;Casual,Cosy;Groups;cash;10:00:00;18:00:00;10:00:00;18:00:00;10:00:00;18:00:00;10:00:00;18:00:00;10:00:00;18:00:00;10:00:00;18:00:00;10:00:00;18:00:00;0
Pizza Ciao Ciao Biskupin;Rzeźbiarska 4, 51-629 Wrocław;https://www.pizzaciaociao.pl/;51.0991645;17.0834704;3,9;121;NaN;Wheelchair accessible entrance;late-night food,Vegetarian options;Lunch,Dinner,delivery;NaN;Casual,Cosy;Groups;debit card;12:00:00;22:00:00;12:00:00;22:00:00;12:00:00;22:00:00;12:00:00;22:00:00;12:00:00;22:00:00;12:00:00;22:00:00;12:00:00;22:00:00;0
Monster Cook;Karola Olszewskiego 23B, 51-642 Wrocław;https://www.facebook.com/MonsterBiskupin/;51.1015876;17.0971186;4,6;24;Outdoor seating;Wheelchair accessible entrance;Vegetarian options;Lunch,Dinner,Catering,delivery;NaN;Casual;Family friendly;debit card;11:00:00;20:00:00;11:00:00;20:00:00;11:00:00;20:00:00;11:00:00;20:00:00;11:00:00;20:00:00;12:00:00;20:00:00;12:00:00;19:00:00;0
Kasieńka;Piotra Michałowskiego 3, 51-637 Wrocław;http://www.ka08:00nka.pl/;51.1015881;17.1038662;3,9;54;NaN;NaN;Beer,Wine;NaN;NaN;Casual,Cosy;Groups;NaN;10:00:00;22:00:00;10:00:00;22:00:00;10:00:00;22:00:00;10:00:00;22:00:00;10:00:00;22:00:00;10:00:00;22:00:00;10:00:00;22:00:00;0
Reset bistro;Maksymiliana Jackowskiego 55A, 51-665 Wrocław;https://www.reset-bistro.pl/;51.1038041;17.110538;4,4;43;NaN;Wheelchair accessible entrance;NaN;delivery;Good for kids;Casual;NaN;NaN;12:00:00;18:00:00;12:00:00;18:00:00;12:00:00;18:00:00;12:00:00;18:00:00;12:00:00;18:00:00;12:00:00;18:00:00;Closed;Closed;0
Mai Lan;Marcelego Bacciarellego 20, 50-001 Wrocław;http://mailan.pl/bacciarellego/;51.1056465;17.1119703;4,1;31;NaN;Wheelchair accessible entrance;NaN;delivery;NaN;Casual;NaN;NaN;11:00:00;20:00:00;11:00:00;20:00:00;11:00:00;20:00:00;11:00:00;20:00:00;11:00:00;20:00:00;12:00:00;20:00:00;12:00:00;20:00:00;1
Lody z Mleka;Marcelego Bacciarellego 6, 50-001 Wrocław;https://m.facebook.com/lodyzmleka/;51.1056465;17.1119703;4,6;14;NaN;NaN;NaN;NaN;NaN;NaN;NaN;NaN;09:00:00;19:00:00;09:00:00;19:00:00;09:00:00;19:00:00;09:00:00;19:00:00;09:00:00;20:00:00;09:00:00;20:00:00;09:00:00;18:00:00;0
Cukiernia Magdalenka;Emilii PLate-night foodr 18, 50-001 Wrocław;https://www.facebook.com/cukierniamagdalenka/;51.1063854;17.108121;4,4;20;NaN;NaN;NaN;NaN;NaN;NaN;NaN;NaN;08:00:00;16:00:00;08:00:00;18:00:00;08:00:00;18:00:00;08:00:00;18:00:00;08:00:00;18:00:00;09:00:00;18:00:00;10:00:00;18:00:00;0
Pizza Station Wielka Wyspa;Edwarda Dembowskiego 63, 51-669 Wrocław;https://www.pizzastation.pl/en/dembowskiego?select=1;51.1064818;17.1055799;4,2;293;Outdoor seating;Wheelchair accessible entrance;Beer,Wine,late-night food, Vegetarian options;Lunch,Dinner,Catering,delivery,Seating ;Good for kids,High chairs,toilet;Casual,Cosy;Family friendly, Groups;debit card;12:00:00;22:00:00;12:00:00;22:00:00;12:00:00;22:00:00;11:00:00;22:00:00;11:00:00;22:00:00;12:00:00;22:00:00;12:00:00;21:00:00;1
KOI Sushi Bar II;Dembowskiego 18, 51-670 Wrocław;http://www.koisushibar.eu/;51.1069361;17.0921187;4,7;113;NaN;Wheelchair accessible entrance;NaN;delivery;Good for kids;Casual,Cosy;Groups;NaN;Closed;Closed;12:00:00;22:00:00;12:00:00;22:00:00;12:00:00;22:00:00;12:00:00;22:00:00;12:00:00;22:00:00;12:00:00;22:00:00;1
La Habana-Mercado Latino;8 Maja 86 1/b, 51-671 Wrocław;http://mercado-latino.pl/;51.1069361;17.0921187;4,5;168;Great cocktails,Live music,Outdoor seating;Wheelchair accessible entrance;Beer,Happy hour food,Vegetarian options,Wine;Lunch,Dinner,Catering,delivery,dessert,Seating;bar onsite,Good for kids,High chairs,Wi-Fi;Casual,Cosy;Family friendly,Groups;debit card;12:00:00;20:00:00;12:00:00;20:00:00;12:00:00;20:00:00;12:00:00;20:00:00;12:00:00;21:00:00;12:00:00;21:00:00;12:00:00;20:00:00;0
Coś Słodkiego;Edwarda Dembowskiego 18/1A, 50-001 Wrocław;https://www.facebook.com/cos.slodkiego.71;51.1072628;17.0936529;4,6;31;NaN;Wheelchair accessible entrance;Vegetarian options;Breakfast,dessert;Good for kids;Casual,Cosy;Family friendly;debit card;12:00:00;19:00:00;09:00:00;19:00:00;09:00:00;19:00:00;09:00:00;19:00:00;09:00:00;19:00:00;10:00:00;19:00:00;10:00:00;19:00:00;0
Confectionery Carolin & Simon.;Partyzant??6, 51-672 Wroc?w;http://www.08:00mionko.pl/;51.1082485;17.0943199;4,2;174;NaN;NaN;NaN;NaN;NaN;NaN;NaN;NaN;18:00:00;20:00:00;18:00:00;20:00:00;18:00:00;20:00:00;18:00:00;20:00:00;18:00:00;20:00:00;18:00:00;20:00:00;11:00:00;20:00:00;0
Casa della pizza Wroclaw;Partyzant??1, 51-672 Wroc?w;http://casadellapizza-pizzadeliveryservice.business.Seatinge/;51.1088177;17.0964062;4,3;271;NaN;NaN;NaN;NaN;NaN;NaN;NaN;NaN;11:00:00;22:00:00;11:00:00;22:00:00;11:00:00;22:00:00;11:00:00;22:00:00;11:00:00;23:00:00;11:00:00;23:00:00;11:00:00;22:00:00;0
Pizzeria Mamma Mia S?lno;Jana Szanieckiego 68, 50-001 Wroc?w;http://mammamiasepolno.com/;51.1112388;17.1010084;4,2;91;NaN;Wheelchair accessible entrance,Wheelchair accessible seating;late-night food;delivery;NaN;Casual;NaN;NaN;12:00:00;22:00:00;12:00:00;22:00:00;12:00:00;22:00:00;12:00:00;22:00:00;12:00:00;22:00:00;12:00:00;22:00:00;12:00:00;22:00:00;0
GastroBaza;Adama Mickiewicza 62, 51-620 Wroc?w;NaN;51.1133847;17.0973698;3,6;42;NaN;Wheelchair accessible entrance;NaN;delivery;NaN;Casual,Cosy;Groups;NaN;11:00:00;20:00:00;11:00:00;20:00:00;11:00:00;20:00:00;11:00:00;20:00:00;11:00:00;20:00:00;11:00:00;20:00:00;11:00:00;20:00:00;0
Cztery Pory Roku;Adama Mickiewicza 62, 51-684 Wroc?w;NaN;51.1133847;17.0973698;4,6;23;NaN;Wheelchair accessible entrance;Beer,Wine;NaN;bar onsite;Casual,Cosy;Groups;NaN;NaN;NaN;NaN;NaN;NaN;NaN;NaN;NaN;NaN;NaN;NaN;NaN;NaN;NaN;0
Przestrze??eja Ignacego Jana Paderewskiego 35, 51-612 Wroc?w;https://www.facebook.com/przestrzenpub/;NaN;51.1136736;17.0920237;4,8;66;NaN;Wheelchair accessible entrance;Beer;NaN;toilet;Casual,Cosy,Trending;NaN;NaN;14:00:00;22:00:00;14:00:00;22:00:00;14:00:00;22:00:00;14:00:00;22:00:00;14:00:00;22:00:00;14:00:00;22:00:00;14:00:00;22:00:00;0
Sofa Lounge & Restaurant;aleja Ignacego Jana Paderewskiego 35, 51-612 Wroc?w;http://www.sofa.wroclaw.pl/;51.1196409;17.0920608;4,2;41;Great cocktails;NaN;Beer,Wine;NaN;bar onsite, Good for kids;Casual,Cosy;Groups;NaN;09:00:00;22:00:00;09:00:00;22:00:00;09:00:00;22:00:00;09:00:00;22:00:00;09:00:00;22:00:00;09:00:00;22:00:00;09:00:00;22:00:00;0
American Restaurants Sp. z o.o.;Karola Szymanowskiego 2, 51-609 Wroc?w;NaN;51.1174824;17.0823794;4,2;5;NaN;NaN;NaN;NaN;NaN;Casual;Groups;NaN;NaN;NaN;NaN;NaN;NaN;NaN;NaN;NaN;NaN;NaN;NaN;NaN;NaN;NaN;0
Pizza nel Parco;aleja Ludomira R??kiego 1, 51-608 Wroc?w;http://www.pizzanelparco.pl/;51.1150175;17.0736796;4,5;319;Fireplace,Outdoor seating;Wheelchair accessible entrance;Beer,Wine;Lunch,Dinner,delivery,Seating;Good for kids,toilet,High chairs;Casual,Cosy;Groups, Family friendly;debit card;12:00:00;22:00:00;12:00:00;22:00:00;12:00:00;22:00:00;12:00:00;22:00:00;12:00:00;22:00:00;12:00:00;22:00:00;12:00:00;22:00:00;0
Restauracja Lwia Brama?;Katedralna 9, 50-328 Wroc?w;http://www.restauracjalwiabrama.pl/;51.1142477;17.0436798;4,4;196;Outdoor seating;NaN;Beer,Kids' menu,late-night food,Organic dishes,Vegetarian options,Wine;Lunch,Dinner,dessert,Seating;bar onsite,High chairs,toilet,Wi-Fi;Casual,Cosy;Groups, Family friendly;debit card;12:00:00;22:00:00;12:00:00;22:00:00;12:00:00;22:00:00;12:00:00;22:00:00;12:00:00;23:00:00;12:00:00;23:00:00;12:00:00;22:00:00;0
Cafeteria Chic;Katedralna 6, 50-996 Wroc?w;NaN;51.1143757;17.0440016;3,4;87;NaN;NaN;NaN;NaN;NaN;Casual,Cosy;NaN;NaN;10:00:00;20:00:00;10:00:00;20:00:00;10:00:00;20:00:00;10:00:00;20:00:00;10:00:00;20:00:00;10:00:00;20:00:00;10:00:00;20:00:00;0
Restauracja Katedralna;?i?go Idziego 2, 48-300 Wroc?w;http://www.hotel-jp2.pl/;51.1146665;17.0445257;3,5;2;NaN;NaN;Beer,Wine;NaN;bar onsite;Casual,Cosy;Groups;NaN;NaN;NaN;NaN;NaN;NaN;NaN;NaN;NaN;NaN;NaN;NaN;NaN;NaN;NaN;0
RAMZES;Sienkiewicza 29a, 50-335 Wroc?w;https://www.gyros-ramzes.pl/;51.1164766;17.0516051;4;248;NaN;NaN;late-night food;delivery;NaN;Casual,Cosy;Groups;NaN;11:00:00;22:00:00;11:00:00;22:00:00;11:00:00;22:00:00;11:00:00;22:00:00;11:00:00;22:00:00;11:00:00;22:00:00;11:00:00;22:00:00;0
Polish Lody;plac Bema 3, 50-265 Wroc?w;plac Bema 3, 50-265 Wroc?w;51.1165451;17.0420789;4,5;1053;NaN;NaN;NaN;NaN;NaN;NaN;NaN;NaN;12:00:00;22:00:00;10:00:00;22:00:00;10:00:00;22:00:00;10:00:00;22:00:00;10:00:00;22:00:00;10:00:00;21:00:00;10:00:00;22:00:00;1
#zjedzburgera;plac Bema 6, 48-300 Wroc?w;http://zjedzburgera.pl/;51.1168898;17.0423049;3,7;146;NaN;Wheelchair accessible entrance;Salad bar;Seating;toilet;Casual,Cosy;Groups,Family friendly;NaN;11:00:00;22:00:00;11:00:00;22:00:00;11:00:00;22:00:00;11:00:00;22:00:00;11:00:00;23:00:00;11:00:00;23:00:00;11:00:00;22:00:00;0
Pierogi - Obiady Domowe;Mieszka I 1, 48-300 Wroc?w;NaN;51.1168898;17.0423049;4,4;19;NaN;NaN;NaN;NaN;Good for kids;Casual;NaN;NaN;10:00:00;19:00:00;10:00:00;19:00:00;10:00:00;19:00:00;10:00:00;19:00:00;10:00:00;19:00:00;11:00:00;17:00:00;NaN;Closed;0
Bar Trzy Schody;Mieszka I 1/1a, 50-327 Wroc?w;https://www.facebook.com/domoweobiady3005/;51.1168898;17.0423049;4,1;19;NaN;NaN;NaN;NaN;toilet;Casual, Cosy;NaN;NaN;10:00:00;19:00:00;10:00:00;19:00:00;10:00:00;19:00:00;10:00:00;19:00:00;10:00:00;19:00:00;11:00:00;17:00:00;NaN;Closed;0
Ragu Pracownia Makaronu;Sienkiewicza 34A, 50-335 Wroc?w;https://ragu.pl/wordpress/;51.1169144;17.0487307;4,5;622;Great cocktails;Wheelchair accessible entrance;Beer,Wine;NaN;bar onsite, Good for kids;Casual, Cosy;Groups;NaN;12:00:00;22:00:00;12:00:00;22:00:00;12:00:00;22:00:00;12:00:00;22:00:00;12:00:00;22:00:00;12:00:00;22:00:00;12:00:00;22:00:00;0
Mexico Bar;S?-Szarzy??ego 59, 48-300 Wroc?w;https://www.facebook.com/MexicoBarSepa/;51.1169059;17.0490255;4,5;311;Great cocktails;NaN;Beer,Wine,Kids' menu,late-night food, Vegetarian options;delivery;bar onsite, Good for kids;Casual, Cosy;Groups;NaN;Closed;Closed;11:00:00;22:00:00;11:00:00;22:00:00;11:00:00;22:00:00;11:00:00;22:00:00;11:00:00;22:00:00;11:00:00;22:00:00;0
Da Grasso;Wyszy??ego 71, 50-332 Wroc?w;https://www.dagrasso.pl/wroclaw-wyszynskiego;51.1180159;17.0503246;3,1;137;NaN;NaN;NaN;delivery;Good for kids;Casual;Groups;NaN;11:00:00;22:00:00;11:00:00;22:00:00;11:00:00;22:00:00;11:00:00;22:00:00;11:00:00;22:00:00;12:00:00;22:00:00;11:00:00;22:00:00;1
"FU ""Domowe obiady""";S?-Szarzy??ego 67B, 48-300 Wroc?w;NaN;51.11758;17.0521283;4,5;129;NaN;NaN;NaN;NaN;toilet;Casual, Cosy;NaN;NaN;12:00:00;18:00:00;12:00:00;18:00:00;12:00:00;18:00:00;12:00:00;18:00:00;12:00:00;18:00:00;Closed;Closed;Closed;Closed;0
Bar Piero?k;Ksi?a J??a Poniatowskiego 3, 50-326 Wroc?w;http://barpierozek.wroclaw.pl/;51.1193174;17.0442335;4,6;291;NaN;NaN;Kids' menu, Vegetarian options;Lunch, Seating;Good for kids, toilet;Casual, Cosy;Family friendly, Groups;debit card;10:00:00;19:00:00;10:00:00;19:00:00;10:00:00;19:00:00;10:00:00;19:00:00;10:00:00;19:00:00;10:00:00;16:00:00;Closed;Closed;0
Barnaba. Bar;Wygodna 13, 50-323 Wroc?w;Nan;51.1231099;17.046246;4,5;31;NaN;NaN;NaN;NaN;toilet;Casual, Cosy;NaN;NaN;10:00:00;18:00:00;10:00:00;18:00:00;10:00:00;18:00:00;10:00:00;18:00:00;10:00:00;18:00:00;10:00:00;00:00:00;Closed;Closed;0
Pizza na dow??roc?w - Pizzeria ProPizza!;Karola Miarki 14, 50-306 Wroc?w;http://www.propizza.pl/;51.1267564;17.050425;4,3;119;Fireplace, Live music;NaN;Halal food;delivery;NaN;Casual;Family friendly;NaN;12:00:00;22:00:00;12:00:00;22:00:00;12:00:00;22:00:00;12:00:00;22:00:00;12:00:00;22:00:00;12:00:00;22:00:00;12:00:00;22:00:00;0
4 Seasons;Stefana Jaracza 77, 50-305 Wroc?w;http://4poryroku.wroclaw.pl/;51.1282084;17.0567801;4,5;137;Great cocktails;Wheelchair accessible entrance, Wheelchair accessible seating;Beer, Wine;NaN;bar onsite, Good for kids;Casual, Cosy;Groups;NaN;13:00:00;22:00:00;13:00:00;22:00:00;13:00:00;22:00:00;13:00:00;22:00:00;13:00:00;22:00:00;13:00:00;22:00:00;12:00:00;21:00:00;0
Ti Amo!;Stefana Jaracza 57/57a, 48-300 Wroc?w;http://pizza-tiamo.pl/;51.1264499;17.0581585;4,5;221;NaN;Wheelchair accessible entrance;Beer, Wine;delivery;bar onsite, Good for kids;Casual, Cosy;Groups;NaN;12:00:00;22:00:00;12:00:00;22:00:00;12:00:00;22:00:00;12:00:00;22:00:00;12:00:00;22:00:00;12:00:00;22:00:00;12:00:00;22:00:00;0
A'ola;Damrota 33B, 50-306 Wroc?w;https://www.facebook.com/Aolarestauracja/;51.1245499;17.056249;3,9;23;Live music, Outdoor seating;Wheelchair accessible, Wheelchair accessible entrance, Wheelchair accessible seating, Wheelchair accessible toilet;Beer, Kids' menu, late-night food, Organic dishes, Vegetarian options, Wine;Lunch, Dinner, dessert, Seating;bar onsite, Good for kids, High chairs, toilet, Wi-Fi;Casual;Family friendly;Credit cards;12:00:00;22:00:00;12:00:00;22:00:00;12:00:00;22:00:00;12:00:00;22:00:00;12:00:00;22:00:00;12:00:00;22:00:00;12:00:00;22:00:00;0
Green Bus;Stanis?wa Dubois 2/1A, 50-208 Wroc?w;https://www.facebook.com/greenbus.wege;51.1209331;"17.0320864	";4,8;191;NaN;NaN;wegan;NaN;Good for kids;Cosy, Casual;NaN;NaN;12:00:00;21:00:00;12:00:00;21:00:00;12:00:00;21:00:00;12:00:00;21:00:00;12:00:00;21:00:00;12:00:00;21:00:00;12:00:00;21:00:00;0
Nadodrze Cafe Resto Bar;Drobnera 26A, 50-257 Wroc?w;https://www.facebook.com/nadodrze.restauracja;51.1209331;"17.0320864	";4,3;458;Great cocktails;Wheelchair accessible entrance;beer, wine;NaN;Good for kids;Cosy, Casual;Groups;NaN;12:00:00;22:00:00;10:00:00;22:00:00;10:00:00;22:00:00;10:00:00;22:00:00;10:00:00;22:00:00;10:00:00;22:00:00;10:00:00;22:00:00;0
Mamine Smaki;Pomorska 27, 52-007 Wroc?w;maminesmaki.pl;51.1209331;"17.0320864	";4,7;60;NaN;NaN;NaN;NaN;Good for kids;Cosy, Casual;Groups;NaN;10:00:00;17:00:00;10:00:00;17:00:00;10:00:00;17:00:00;10:00:00;17:00:00;10:00:00;17:00:00;closed;Closed;closed;Closed;0
Powoli;Ludwika Rydygiera 25, 48-300 Wroc?w;https://www.facebook.com/sniadaniaiobiady/;51.120135;"17.0325478	";4,5;125;NaN;Wheelchair accessible entrance;NaN;NaN;Good for kids;Cosy, Casual;Groups;NaN;09:00:00;18:00:00;09:00:00;18:00:00;09:00:00;18:00:00;09:00:00;18:00:00;09:00:00;18:00:00;10:00:00;16:00:00;closed;Closed;0
Ogie??;Morska 39, 50-216 Wroc?w;https://www.facebook.com/ogien.wro;51.1199044;"17.031153	";4,5;269;NaN;NaN;NaN;NaN;Good for kids;Cosy, Casual;Groups;NaN;closed;NaN;12:00:00;22:00:00;12:00:00;22:00:00;12:00:00;22:00:00;12:00:00;00:00:00;12:00:00;00:00:00;12:00:00;22:00:00;0
Wroclov Bar;W?ka 5, 50-249 Wroc?w;https://www.facebook.com/wroclovbar/;51.1197394;"17.0284011	";4,1;22;NaN;Wheelchair accessible toilet, Wheelchair accessible entrance;beer;NaN;toilet ,Good for kids;Casual;Groups;debit card;08:00:00;20:00:00;08:00:00;20:00:00;08:00:00;20:00:00;08:00:00;20:00:00;08:00:00;20:00:00;08:00:00;20:00:00;08:00:00;20:00:00;0
Bistro Naro?ik;Ludwika Rydygiera 30, 50-001 Wroc?w;https://www.facebook.com/bistronaroznik/;51.1196047;"17.0301606	";4,5;377;NaN;NaN;NaN;NaN;NaN;Cosy, Casual;Groups;NaN;10:00:00;00:00:00;10:00:00;00:00:00;10:00:00;00:00:00;10:00:00;00:00:00;10:00:00;00:00:00;10:00:00;00:00:00;10:00:00;00:00:00;0
Wilk Syty;Trzebnicka 3, 50-231 Wroc?w;https://www.facebook.com/WilkSytyWroclaw/;51.120795;"17.0343019	";4,7;277;NaN;NaN;vegan;dinner, catering, Seating;toilet, Good for kids;Cosy, Casual;Family friendly, Groups;NaN;closed;Closed;12:00:00;20:00:00;12:00:00;20:00:00;12:00:00;20:00:00;12:00:00;21:00:00;12:00:00;21:00:00;12:00:00;20:00:00;0
Thai-viet;Henryka Pobo?ego 8, 48-300 Wroc?w;NaN;51.1207723;"17.0366891	";4;50;NaN;NaN;NaN;NaN;NaN;NaN;NaN;NaN;11:00:00;20:00:00;11:00:00;20:00:00;11:00:00;20:00:00;11:00:00;20:00:00;11:00:00;20:00:00;11:00:00;20:00:00;closed;Closed;1
Pizza Rino;Jedno?i Narodowej 88/1C, 50-261 Wroc?w;NaN;51.1208649;"17.0374562	";4,7;213;NaN;Wheelchair accessible entrance;NaN;NaN;Good for kids;Cosy, Casual;Groups;NaN;closed;Closed;closed;Closed;closed;Closed;closed;Closed;12:00:00;22:00:00;12:00:00;22:00:00;12:00:00;22:00:00;0
KluboKawiarnia Wincentego 21;?i?go Wincentego 21, 50-001 Wroc?w;https://www.facebook.com/wincentego21/;51.1224423;"17.0306649	";3,7;21;NaN;NaN;NaN;NaN;NaN;NaN;NaN;NaN;09:00:00;18:00:00;09:00:00;18:00:00;09:00:00;18:00:00;09:00:00;18:00:00;09:00:00;18:00:00;09:00:00;18:00:00;09:00:00;18:00:00;0
Bar Przewaga;Czes?wa Mi?sza, 50-001 Wroc?w;przewagabistro.pl;51.1281804;"17.0404388	";3;1;NaN;NaN;NaN;NaN;NaN;NaN;NaN;NaN;NaN;NaN;NaN;NaN;NaN;NaN;NaN;NaN;NaN;NaN;NaN;NaN;NaN;NaN;0
Przewaga Bistro;Antoniego S?nimskiego 1a, 50-304 Wroc?w;przewagabistro.pl;51.1284464;"17.0404818	";3,1;33;NaN;Wheelchair accessible entrance;NaN;NaN;NaN;Casual;Groups;NaN;08:00:00;16:00:00;08:00:00;16:00:00;08:00:00;16:00:00;08:00:00;16:00:00;08:00:00;16:00:00;closed;Closed;closed;Closed;0
Kebab Hut;Zak?dowa 2/4, 50-231 Wroc?w;NaN;51.1298536;"17.037188	";1,7;30;NaN;NaN;NaN;NaN;NaN;NaN;NaN;NaN;10:00:00;20:00:00;10:00:00;20:00:00;10:00:00;20:00:00;10:00:00;20:00:00;10:00:00;20:00:00;10:00:00;20:00:00;10:00:00;20:00:00;1
Pizza Hut Wroc?w LECLERC;ul. Zak?dowa 2-4 79, 50-231 Wroc?w;pizzahut.pl;51.1301987;"17.0390012	";2,6;22;NaN;NaN;NaN;NaN;NaN;NaN;NaN;NaN;11:00:00;23:00:00;11:00:00;23:00:00;11:00:00;23:00:00;11:00:00;23:00:00;11:00:00;00:00:00;11:00:00;00:00:00;11:00:00;23:00:00;1
Domino's Pizza;Antoniego S?nimskiego, 50-304 Wroc?w;dominospizza.pl;51.1297871;"17.0430137	";4,2;100;NaN;Wheelchair accessible entrance;Late-night food, vegan;delivery;Good for kids;Cosy, Casual;Groups;NaN;11:00:00;23:00:00;11:00:00;23:00:00;11:00:00;23:00:00;11:00:00;23:00:00;11:00:00;23:00:00;11:00:00;23:00:00;11:00:00;23:00:00;1
Agora. Restauracja;Serbska 5, 50-001 Wroc?w;restauracjaagora.pl;51.1349255;"17.0191754	";4,5;46;Great cocktails;Wheelchair accessible entrance;beer, wine;NaN;Good for kids;Cosy, Casual;Groups;NaN;13:00:00;19:00:00;13:00:00;19:00:00;13:00:00;19:00:00;13:00:00;19:00:00;13:00:00;19:00:00;13:00:00;19:00:00;12:00:00;18:00:00;0
Pizzeria Simon;Jugos?wia?? 65A, 50-001 Wroc?w;pizzeria-simon.pl;51.1357153;"17.0220513	";4,6;140;NaN;NaN;beer, vegan;delivery;toilet, Good for kids;Cosy, Casual;Groups;nfc;13:00:00;22:00:00;13:00:00;22:00:00;13:00:00;22:00:00;13:00:00;22:00:00;13:00:00;22:00:00;13:00:00;22:00:00;13:00:00;22:00:00;0
Pyza;Zawalna 5A, 52-443 Wroc?w;https://www.facebook.com/Bar-Pyza-613572922062076;51.134679;"17.0353987	";4;146;Garden;NaN;beer, salad, Kids' menu;catering, delivery;do_karmienia, Good for kids, toilet;Cosy, Casual;Family friendly, Groups;cash;10:00:00;19:00:00;10:00:00;19:00:00;10:00:00;19:00:00;10:00:00;19:00:00;10:00:00;19:00:00;10:00:00;19:00:00;10:00:00;19:00:00;0
Projekt Pizza Zawalna;Zawalna 11a, 51-118 Wroc?w;projektpizza.pl;51.1348466;"17.0362714	";4,3;25;NaN;NaN;NaN;delivery;NaN;Cosy, Casual;NaN;NaN;11:00:00;22:30:00;11:00:00;22:30:00;11:00:00;22:30:00;11:00:00;22:30:00;11:00:00;22:30:00;11:00:00;22:30:00;11:00:00;22:30:00;1
Kebab Al Madina;Al. Kasprowicza 24, 51-137 Wroc?w;https://www.facebook.com/Kasprowicza24/;51.1365259;"17.0384971	";4,2;68;NaN;Wheelchair accessible entrance;NaN;NaN;NaN;Casual;Groups;NaN;11:00:00;20:00:00;11:00:00;20:00:00;11:00:00;20:00:00;11:00:00;20:00:00;11:00:00;20:00:00;11:00:00;20:00:00;11:00:00;20:00:00;0
Zbyszko Bar;Ba?ycka 21, 50-001 Wroc?w;https://www.facebook.com/ZbyszkoBar/;51.1387901;"17.0303691	";4,5;86;NaN;Wheelchair accessible entrance;NaN;NaN;Good for kids;Cosy, Casual;NaN;NaN;10:00:00;20:00:00;10:00:00;20:00:00;10:00:00;20:00:00;10:00:00;20:00:00;10:00:00;20:00:00;10:00:00;20:00:00;closed;Closed;0
Pizza Station;Obornicka 64, 51-114 Wroc?w;pizzastation.pl;51.138704;"17.0260164	";4,6;402;NaN;Wheelchair accessible entrance;Kids' menu, Late-night food, vegan;dinner, supper,catering, delivery;toilet, Good for kids;Casual;Family friendly;debit card;11:00:00;23:00:00;11:00:00;23:00:00;11:00:00;23:00:00;11:00:00;23:00:00;11:00:00;23:00:00;12:00:00;00:00:00;12:00:00;00:00:00;1
Hanoi;Teodora Parnickiego 3, 51-116 Wroc?w;ha-noi.com.pl;51.1392768;"17.0271847	";3,5;106;NaN;NaN;NaN;delivery;NaN;Casual;Groups;NaN;10:00:00;23:30:00;10:00:00;23:30:00;10:00:00;23:30:00;10:00:00;23:30:00;10:00:00;23:30:00;11:00:00;22:00:00;10:00:00;23:30:00;1
R??y Chru?iak;Bezpieczna 28a, 51-114 Wroc?w;rozanychrusniak.eatbu.com;51.1397622;"17.0201276	";4,4;14;NaN;NaN;NaN;NaN;NaN;NaN;NaN;NaN;12:00:00;19:00:00;12:00:00;19:00:00;12:00:00;19:00:00;12:00:00;19:00:00;12:00:00;19:00:00;12:00:00;15:00:00;closed;Closed;0
Paczka Smak??bornicka 86A, 51-112 Wroc?w;https://www.facebook.com/PaczkaSmakow/;NaN;51.1407891;"17.0244109	";4,6;19;NaN;Wheelchair accessible entrance;NaN;NaN;Good for kids;Cosy, Casual;Groups;NaN;closed;Closed;12:00:00;22:00:00;12:00:00;22:00:00;12:00:00;22:00:00;12:00:00;22:00:00;12:00:00;22:00:00;12:00:00;22:00:00;0
Pizzeria Uno;Kamie??ego 12, 51-124 Wroc?w;NaN;51.1411874;"17.0323847	";3,5;96;NaN;NaN;NaN;delivery;NaN;Casual;NaN;NaN;11:00:00;22:00:00;11:00:00;22:00:00;11:00:00;22:00:00;11:00:00;22:00:00;11:00:00;22:00:00;11:00:00;22:00:00;11:00:00;22:00:00;0
Sztuciec Bar;Kamie??ego 100, 50-001 Wroc?w;NaN;51.147035;"17.0394177	";4,4;7;NaN;NaN;NaN;NaN;NaN;NaN;NaN;NaN;11:00:00;19:00:00;11:00:00;19:00:00;11:00:00;19:00:00;11:00:00;19:00:00;11:00:00;19:00:00;11:00:00;16:00:00;closed;NaN;0
Cafe Bar - bufet szpitalny;Kamie??ego, 50-001 Wroc?w;NaN;51.1478441;"17.0423755	";4,5;2;NaN;NaN;NaN;NaN;NaN;NaN;NaN;NaN;07:00:00;18:00:00;07:00:00;18:00:00;07:00:00;18:00:00;07:00:00;18:00:00;07:00:00;18:00:00;07:00:00;16:00:00;07:00:00;16:00:00;0
Bar Domowe Posi?i;?igrodzka 141, 51-130 Wroc?w;NaN;51.1482437;"17.0288448	";3,5;6;NaN;NaN;NaN;NaN;NaN;NaN;NaN;NaN;07:30:00;15:30:00;07:30:00;15:30:00;07:30:00;15:30:00;07:30:00;15:30:00;07:30:00;15:30:00;closed;Closed;closed;Closed;0
Nowy Park;Wo?wska 12, 50-001 Wroc?w;NaN;51.1476525;"17.0232299	";4,2;33;NaN;Wheelchair accessible entrance;NaN;NaN;NaN;Casual;Groups;NaN;07:30:00;16:30:00;07:30:00;16:30:00;07:30:00;16:30:00;07:30:00;16:30:00;07:30:00;16:30:00;closed;Closed;closed;Closed;0
Prost;Paprotna, 51-117 Wroc?w;browarprost.pl;51.1491052;"17.0240812	";4,6;62;NaN;NaN;NaN;NaN;NaN;NaN;NaN;NaN;closed;Closed;15:00:00;22:00:00;15:00:00;22:00:00;15:00:00;22:00:00;15:00:00;22:00:00;12:00:00;01:00:00;12:00:00;20:00:00;0
Restauracja McDonald's;Paprotna 7, 50-001 Wroc?w;mcdonalds.pl;51.1509381;"17.0250884	";4;643;garden;Wheelchair accessible toilet, Wheelchair accessible entrance;Kids' menu, Late-night food;dinner, supper,breakfast, dessert;do_karmienia, Good for kids, toilet;Cosy, Casual;Groups;debit card;07:00:00;00:00:00;07:00:00;00:00:00;07:00:00;00:00:00;07:00:00;00:00:00;07:00:00;00:00:00;07:00:00;00:00:00;07:00:00;00:00:00;1
Kantyna 15;Romana Dmowskiego 15, 50-203 Wroc?w;NaN;51.1181122;"17.018773	";5;1;NaN;NaN;beer;NaN;NaN;Casual;NaN;NaN;closed;Closed;14:00:00;20:00:00;14:00:00;20:00:00;14:00:00;20:00:00;14:00:00;22:00:00;14:00:00;22:00:00;closed;Closed;0
Woo Thai;Rybacka 11, 11-400 Wroc?w;NaN;51.1136322;"17.0160143	";4,3;43;NaN;Wheelchair accessible entrance;beer;NaN;Good for kids;Casual;NaN;NaN;11:00:00;22:00:00;11:00:00;22:00:00;11:00:00;22:00:00;11:00:00;22:00:00;11:00:00;22:00:00;13:00:00;22:00:00;13:00:00;22:00:00;1
Manhattan Pizza & Restaurant;Rybacka 7, 11-400 Wroc?w;manhattan.ngb.pl;51.1132164;"17.0164872	";3,3;59;NaN;NaN;NaN;delivery;NaN;Cosy, Casual;Groups;NaN;11:00:00;22:00:00;11:00:00;22:00:00;11:00:00;22:00:00;11:00:00;22:00:00;11:00:00;22:00:00;12:00:00;22:00:00;12:00:00;22:00:00;0
Asia Cusine KimLoe's;plac Solidarno?i 1-3-5, 53-661 Wroc?w;kimloes.pl;51.1130435;"17.0169452	";4,3;50;NaN;NaN;NaN;delivery;NaN;Casual;NaN;NaN;10:00:00;20:00:00;10:00:00;20:00:00;10:00:00;20:00:00;10:00:00;20:00:00;10:00:00;20:00:00;11:00:00;19:00:00;11:00:00;19:00:00;1
Sawara Gyros;Legnicka 17, 53-671 Wroc?w;sawara-gyros.pl;51.1132083;"17.0156404	";4,4;234;NaN;Wheelchair accessible entrance;NaN;NaN;Good for kids;Cosy, Casual;Groups;NaN;11:00:00;20:00:00;11:00:00;20:00:00;11:00:00;20:00:00;11:00:00;20:00:00;11:00:00;20:00:00;11:00:00;20:00:00;12:00:00;20:00:00;1
Bar rybny Krab;Sokolnicza 7/17, 53-676 Wroc?w;https://www.facebook.com/BarKrab/;51.1114434;"17.0182073	";4,5;83;NaN;Wheelchair accessible entrance;NaN;NaN;Good for kids;Casual;Groups;NaN;10:00:00;18:00:00;10:00:00;18:00:00;10:00:00;18:00:00;10:00:00;18:00:00;10:00:00;18:00:00;10:00:00;16:00:00;10:00:00;16:00:00;0
Wow Barr Sokolnicza - Thai & Polish Food;Pawilon 5, Sokolnicza 7/17, 53-676 Wroc?w;NaN;51.1113805;"17.0179433	";4,9;8;NaN;Wheelchair accessible entrance;NaN;delivery;NaN;Casual;NaN;NaN;closed;Closed;12:00:00;22:00:00;12:00:00;22:00:00;12:00:00;22:00:00;12:00:00;22:00:00;13:00:00;22:00:00;13:00:00;22:00:00;0
Poci?ij Pizz?l. Sokolnicza 7-17 paw. 31, 53-676 Wroc?w;pocisnijpizze.pl;NaN;51.1111293;"17.0177903	";2,7;38;NaN;NaN;NaN;NaN;NaN;NaN;NaN;NaN;18:00:00;03:00:00;18:00:00;03:00:00;18:00:00;03:00:00;18:00:00;03:00:00;18:00:00;04:00:00;16:30:00;04:00:00;16:30:00;03:00:00;0
Etna Pizzeria.;Sokolnicza 7/17, 11-400 Wroc?w;etna-pizza.pl;51.111192;"17.017493	";2,7;139;NaN;NaN;NaN;delivery;NaN;Casual;Groups;NaN;10:00:00;22:00:00;10:00:00;23:00:00;10:00:00;23:00:00;10:00:00;23:00:00;10:00:00;23:00:00;10:00:00;23:00:00;10:00:00;22:00:00;0
Pierogarnia Kuchnia Domowa;Legnicka 23, 53-671 Wroc?w;kuchnia.wroclaw.pl;51.1131857;"17.0123291	";4,1;61;NaN;NaN;NaN;NaN;toilet;Cosy, Casual;NaN;NaN;10:00:00;19:00:00;10:00:00;19:00:00;10:00:00;19:00:00;10:00:00;19:00:00;10:00:00;19:00:00;10:00:00;17:00:00;closed;Closed;0
Restauracja Hong Ha (Poznaj Wietnam od kuchni);Legnicka 32, 11-400 Wroc?w;https://www.facebook.com/Rest.HongHa/;51.1124081;"17.0105632	";4,3;100;NaN;Wheelchair accessible entrance;beer;delivery;Good for kids;Cosy, Casual;Family friendly, Groups;NaN;11:00:00;22:00:00;11:00:00;22:00:00;11:00:00;22:00:00;11:00:00;22:00:00;11:00:00;22:00:00;12:00:00;22:00:00;12:00:00;22:00:00;0
Brat wur01:00;Braniborska 87, 11-400 Wroc?w;https://www.facebook.com/bratwur01:00/;51.1122914;"17.0047774	";3,9;8;NaN;NaN;NaN;NaN;NaN;NaN;NaN;NaN;08:00:00;19:00:00;08:00:00;19:00:00;08:00:00;19:00:00;08:00:00;19:00:00;08:00:00;19:00:00;closed;Closed;closed;Closed;1
Cantone Pizza;?inawska, 53-648 Wroc?w;cantonepizza.pl;51.1176989;"17.0109458	";4,5;26;NaN;NaN;Late-night food, Kids' menu, salad;dinner, supper,catering, delivery;do_karmienia, Good for kids, toilet;Casual;Family friendly;debit card;closed;Closed;12:00:00;22:00:00;12:00:00;22:00:00;12:00:00;22:00:00;12:00:00;00:00:00;12:00:00;00:00:00;12:00:00;22:00:00;0
Restauracja McDonald's;Ksi?a Witolda 6, 50-001 Wroc?w;mcdonalds.pl;51.1163122;"17.0220007	";3,8;739;garden;Wheelchair accessible entrance;Late-night food, Kids' menu;dinner, supper,breakfast, dessert;do_karmienia, Good for kids, toilet;Casual;Groups;debit card;07:00:00;00:00:00;07:00:00;00:00:00;07:00:00;00:00:00;07:00:00;00:00:00;07:00:00;00:00:00;08:00:00;00:00:00;08:00:00;00:00:00;1
Cardamon;Strzegomska 2, 54-430 Wroc?w;NaN;51.1118181;"17.0026141	";4,5;31;NaN;NaN;NaN;NaN;NaN;NaN;NaN;NaN;08:00:00;17:00:00;08:00:00;17:00:00;08:00:00;17:00:00;08:00:00;17:00:00;08:00:00;17:00:00;closed;NaN;closed;Closed;0
Bistro Green Towers;?ubowa, 53-611 Wroc?w;bistrogreentowers.pl;51.1127626;"16.9980768	";3,5;129;NaN;Wheelchair accessible entrance; All you can eat ;NaN;NaN;Casual;Groups;NaN;09:00:00;16:00:00;09:00:00;16:00:00;09:00:00;16:00:00;09:00:00;16:00:00;09:00:00;16:00:00;closed;NaN;closed;Closed;0
Mi Lulo;Strzegomska 36/40, 11-400 Wroc?w;https://www.facebook.com/TwojeMiLulo;51.1132741;"16.9967224	";4,5;13;NaN;NaN;NaN;NaN;NaN;Cosy, Casual;NaN;NaN;09:00:00;19:00:00;09:00:00;19:00:00;09:00:00;19:00:00;09:00:00;19:00:00;09:00:00;19:00:00;09:00:00;16:00:00;closed;Closed;0
#zjedzburgera;Strzegomska 3B-3C, 53-611 Wroc?w;zjedzburgera.pl;51.113282;"16.9991343	";4;162;NaN;NaN;NaN;delivery;NaN;Cosy, Casual;NaN;NaN;07:30:00;20:00:00;07:30:00;20:00:00;07:30:00;20:00:00;07:30:00;20:00:00;07:30:00;20:00:00;11:00:00;20:00:00;closed;Closed;1
Hoshi-Sushi;Strzegomska 3B-3C, 53-611 Wroc?w;hoshi-sushi.com.pl;51.1133053;"16.9993893	";4,5;293;NaN;Wheelchair accessible entrance;NaN;delivery;NaN;Cosy, Casual;NaN;NaN;12:00:00;21:00:00;12:00:00;21:00:00;12:00:00;21:00:00;12:00:00;21:00:00;12:00:00;22:00:00;12:00:00;22:00:00;12:00:00;21:00:00;0
Sezonowo;Strzegomska 3B/3C, 52-007 Wroc?w;https://www.facebook.com/BarSezonowo/;51.113342;"16.9994421	";3,7;13;NaN;NaN;NaN;NaN;NaN;NaN;NaN;NaN;11:00:00;16:00:00;11:00:00;16:00:00;11:00:00;16:00:00;11:00:00;16:00:00;11:00:00;16:00:00;closed;Closed;closed;Closed;0
Ha-Noi;Stacyjna 2, 50-001 Wroc?w;ha-noi.com.pl;51.1166888;"16.997436	";5;9;NaN;NaN;NaN;NaN;NaN;NaN;NaN;NaN;11:00:00;21:00:00;11:00:00;21:00:00;11:00:00;21:00:00;11:00:00;21:00:00;11:00:00;21:00:00;11:00:00;21:00:00;11:00:00;21:00:00;1
Restauracja McDonald's;S?bicka 18, 50-001 Wroc?w;mcdonalds.pl;51.1176409;"16.9984566	";3,7;232;garden;Wheelchair accessible toilet, Wheelchair accessible entrance;Kids' menu, Late-night food;dinner, supper,breakfast, dessert;do_karmienia, Good for kids, toilet;Cosy, Casual;Groups;NFC,debit card;06:30:00;23:00:00;06:30:00;23:00:00;06:30:00;23:00:00;06:30:00;23:00:00;06:30:00;23:00:00;08:00:00;23:00:00;08:00:00;23:00:00;1
Meet & Eat Business Garden;Legnicka 48, 50-001 Wroc?w;meet-and-eat.pl;51.1178527;"16.9952247	";4,5;90;NaN;Wheelchair accessible entrance;vegan;dinner, supper,breakfast, dessert;toilet;Cosy, Casual;Groups;NaN;07:30:00;16:00:00;07:30:00;16:00:00;07:30:00;16:00:00;07:30:00;16:00:00;07:30:00;16:00:00;closed;Closed;closed;Closed;0
Art Of Sushi;D?ga 68, 50-001 Wroc?w;art-of-sushi.pl;51.1207099;"17.0107174	";4,4;79;NaN;Wheelchair accessible entrance;NaN;delivery;NaN;Cosy, Casual;Groups;NaN;closed;Closed;12:00:00;21:00:00;12:00:00;21:00:00;12:00:00;21:00:00;12:00:00;21:00:00;12:00:00;21:00:00;12:00:00;21:00:00;0
Bazaar;D?ga 37/47, 50-001 Wroc?w;bazaarwroclaw.pl;51.1213325;"17.0134262	";2,5;2;NaN;NaN;NaN;NaN;NaN;NaN;NaN;NaN;NaN;NaN;NaN;NaN;NaN;NaN;NaN;NaN;NaN;NaN;NaN;NaN;NaN;NaN;0
Makarun Wroc?w;Dluga 37/47 (w Tesco Extra), 53-657 Wroc?w;makarun.pl;51.1215253;"17.0139533	";3,6;33;NaN;NaN;NaN;NaN;NaN;NaN;NaN;NaN;09:00:00;21:00:00;09:00:00;21:00:00;09:00:00;21:00:00;09:00:00;21:00:00;09:00:00;21:00:00;09:00:00;21:00:00;10:00:00;18:00:00;1
Bar ALFA;Strzegomska 55, 50-001 Wroc?w;https://www.facebook.com/baralfa.wro;51.1142037;"16.9900753	";3,9;27;NaN;NaN;NaN;NaN;NaN;Casual;Groups;NaN;08:30:00;16:00:00;08:30:00;16:00:00;08:30:00;16:00:00;08:30:00;16:00:00;08:30:00;16:00:00;08:30:00;17:00:00;08:30:00;17:00:00;0
Pizza Hut Wroc?w Magnolia;CH Magnolia Park, Legnicka 58, 54-204 Wroc?w;pizzahut.pl;51.1203968;"16.9893928	";3,6;172;NaN;Wheelchair accessible entrance;salad, Late-night food, Kids' menu, wine, beer;dinner, supper, dessert;do_karmienia, Good for kids, toilet;Cosy, Casual;Groups;debit card;09:00:00;21:00:00;09:00:00;21:00:00;09:00:00;21:00:00;09:00:00;21:00:00;09:00:00;21:00:00;09:00:00;21:00:00;09:00:00;21:00:00;1
Frankie's;CH Magnolia Park, Legnicka 58, 54-204 Wroc?w;frankies.pl;51.11995;"16.9870921	";4,4;7;NaN;Wheelchair accessible entrance;NaN;NaN;NaN;Cosy, Casual;NaN;NaN;09:00:00;21:00:00;09:00:00;21:00:00;09:00:00;21:00:00;09:00:00;21:00:00;09:00:00;21:00:00;09:00:00;21:00:00;09:00:00;21:00:00;1
La Pary?nka Nale?ikarnia;CH Magnolia Park, Legnicka 58, 54-204 Wroc?w;laparyzanka.com.pl;51.1196066;"16.9882919	";3,8;50;NaN;Wheelchair accessible entrance;NaN;NaN;Good for kids;Cosy, Casual;NaN;NaN;09:00:00;21:00:00;09:00:00;21:00:00;09:00:00;21:00:00;09:00:00;21:00:00;09:00:00;21:00:00;09:00:00;21:00:00;09:00:00;21:00:00;0
Owocowy Raj;Legnicka 58, 50-001 Wroc?w;magnoliapark.pl;51.1195211;"16.9867143	";2,8;8;NaN;Wheelchair accessible entrance;NaN;NaN;Good for kids;Casual;NaN;NaN;09:00:00;21:00:00;09:00:00;21:00:00;09:00:00;21:00:00;09:00:00;21:00:00;09:00:00;21:00:00;09:00:00;21:00:00;09:00:00;21:00:00;0
Mr Chilly;CH Magnolia Park, Legnicka 58, 54-204 Wroc?w;mrchilly.pl;51.1192768;"16.9869631	";3,1;28;NaN;NaN;NaN;NaN;NaN;NaN;NaN;NaN;09:00:00;21:00:00;09:00:00;21:00:00;09:00:00;21:00:00;09:00:00;21:00:00;09:00:00;21:00:00;09:00:00;21:00:00;09:00:00;21:00:00;0
Redberry;CH Magnolia Park, Legnicka 58, 54-204 Wroc?w;redberry.pl;51.1190482;"16.9865742	";5;3;NaN;NaN;NaN;NaN;NaN;NaN;NaN;NaN;09:00:00;21:00:00;09:00:00;21:00:00;09:00:00;21:00:00;09:00:00;21:00:00;09:00:00;21:00:00;09:00:00;21:00:00;09:00:00;21:00:00;1
Kuchnia Marche Magnolia;CH Magnolia Park, Legnicka 58, 54-204 Wroc?w;https://www.facebook.com/kuchnia.marche.magnolia/;51.1191015;"16.986832	";3,8;22;NaN;Wheelchair accessible entrance;salad, Late-night food, Kids' menu, eko, all you can eat, vegan;dinner, supper, dessert;do_karmienia, Good for kids;Casual;Family friendly, Groups;debit card;09:00:00;21:00:00;09:00:00;21:00:00;09:00:00;21:00:00;09:00:00;21:00:00;09:00:00;21:00:00;09:00:00;21:00:00;09:00:00;21:00:00;1
Vivian Restaurant - Magnolia;CH Magnolia Park, Legnicka 58, 54-204 Wroc?w;vivianrestaurant.pl;51.1191187;"16.9866808	";4,6;29;NaN;Wheelchair accessible entrance;wine, beer;NaN;Good for kids;Cosy, Casual;Groups;NaN;09:00:00;21:00:00;09:00:00;21:00:00;09:00:00;21:00:00;09:00:00;21:00:00;09:00:00;21:00:00;09:00:00;21:00:00;09:00:00;21:00:00;1
Vege Life;CH Magnolia Park, Legnicka 58, 54-204 Wroc?w;http://vege.life/pl/;51.1182988;"16.9863536	";3,7;20;NaN;Wheelchair accessible entrance;NaN;NaN;NaN;Cosy, Casual;NaN;NaN;09:00:00;21:00:00;09:00:00;21:00:00;09:00:00;21:00:00;09:00:00;21:00:00;09:00:00;21:00:00;09:00:00;21:00:00;09:00:00;21:00:00;1
Burger King;CH Magnolia Park, Legnicka 58, 54-204 Wroc?w;burgerking.pl;51.1180856;"16.9860123	";3,4;58;NaN;Wheelchair accessible entrance;NaN;dinner;NaN;Casual;Groups;debit card;09:00:00;21:00:00;09:00:00;21:00:00;09:00:00;21:00:00;09:00:00;21:00:00;09:00:00;21:00:00;09:00:00;21:00:00;09:00:00;21:00:00;1
Ohh! Sushi&Grill;CH Magnolia Park, Legnicka 58, 54-204 Wroc?w;NaN;51.1181132;"16.985621	";3,4;27;NaN;Wheelchair accessible entrance;beer;NaN;NaN;Cosy, Casual;Groups;NaN;10:00:00;21:00:00;10:00:00;21:00:00;10:00:00;21:00:00;10:00:00;21:00:00;10:00:00;21:00:00;09:00:00;20:00:00;10:00:00;20:00:00;1
Express Oriental;CH Magnolia Park, Legnicka 58, 54-204 Wroc?w;https://www.facebook.com/expressorientalpl;51.1177562;"16.9861392	";4,1;32;NaN;Wheelchair accessible entrance;NaN;NaN;NaN;Casual;Groups;NaN;10:00:00;21:00:00;10:00:00;21:00:00;10:00:00;21:00:00;10:00:00;21:00:00;10:00:00;21:00:00;10:00:00;21:00:00;10:00:00;21:00:00;1
North Fish;CH Magnolia Park, Legnicka 58, 54-204 Wroc?w;northfish.pl;51.1177402;"16.9859041	";4,3;18;NaN;NaN;NaN;NaN;NaN;NaN;NaN;NaN;09:00:00;21:00:00;09:00:00;21:00:00;09:00:00;21:00:00;09:00:00;21:00:00;09:00:00;21:00:00;09:00:00;21:00:00;09:00:00;21:00:00;1
Restauracja McDonald's;CH Magnolia Park, Legnicka 58, 54-204 Wroc?w;mcdonalds.pl;51.1179132;"16.9848825	";3,4;71;NaN;Wheelchair accessible toilet, Wheelchair accessible entrance;Kids' menu, Late-night food;dinner, supper,breakfast, dessert;do_karmienia, Good for kids, toilet;Casual;Groups;NFC,debit card;09:00:00;21:00:00;09:00:00;21:00:00;09:00:00;21:00:00;09:00:00;21:00:00;09:00:00;21:00:00;09:00:00;21:00:00;09:00:00;21:00:00;1
KFC;CH Magnolia Park, Legnicka 58, 54-204 Wroc?w;kfc.pl;51.1178697;"16.9849923	";3,1;110;NaN;Wheelchair accessible entrance;Kids' menu, Late-night food;dinner, supper, dessert, delivery;do_karmienia, Good for kids, toilet;Casual;Groups;debit card;08:30:00;22:00:00;08:30:00;22:00:00;08:30:00;22:00:00;08:30:00;22:00:00;08:30:00;22:00:00;08:30:00;22:00:00;08:30:00;22:00:00;1
Petra Gyros;Legnicka 72, 54-206 Wroc?w;petra-gyros.pl;51.1225066;"16.9873525	";4,2;859;NaN;Wheelchair accessible entrance;NaN;delivery;Good for kids;Casual;Groups;NaN;11:00:00;21:00:00;11:00:00;21:00:00;11:00:00;21:00:00;11:00:00;21:00:00;11:00:00;21:00:00;11:00:00;21:00:00;12:00:00;21:00:00;1
Grill Kaufland;Legnicka 62A, 50-001 Wroc?w;NaN;51.1220241;"16.9866766	";4;22;NaN;NaN;NaN;NaN;NaN;NaN;NaN;NaN;09:00:00;20:00:00;09:00:00;20:00:00;09:00:00;20:00:00;09:00:00;20:00:00;09:00:00;20:00:00;09:00:00;20:00:00;09:00:00;19:00:00;1
Belek Kebab;Ma?panewska 2, 54-212 Wroc?w;https://www.facebook.com/BelekKebab;51.1227012;"16.9860126	";3,1;142;NaN;Wheelchair accessible entrance;NaN;delivery;NaN;Casual;Groups;NaN;10:00:00;23:00:00;10:00:00;23:00:00;10:00:00;23:00:00;10:00:00;23:00:00;10:00:00;23:00:00;10:00:00;23:00:00;11:00:00;22:00:00;0
Namaste Nepal;Legnicka 55A, 54-203 Wroc?w;namastenepal.pl;51.1238663;"16.9872802	";4;114;NaN;Wheelchair accessible entrance;NaN;delivery;NaN;Cosy, Casual;Groups;NaN;10:00:00;22:00:00;10:00:00;22:00:00;10:00:00;22:00:00;10:00:00;22:00:00;10:00:00;22:00:00;11:00:00;22:00:00;11:00:00;22:00:00;0
Pizzeria La Finezze;Jelenia 28, 54-242 Wroc?w;lafinezze.pl;51.1247713;"16.9946484	";4,2;158;NaN;NaN;vegan;delivery;NaN;Cosy, Casual;Groups;NaN;12:00:00;22:00:00;12:00:00;22:00:00;12:00:00;22:00:00;12:00:00;22:00:00;12:00:00;22:00:00;12:00:00;22:00:00;12:00:00;22:00:00;0
Pierogarnia Kuchnia Polska;Popowicka 26, 54-237 Wroc?w;grillburger.com.pl;51.1257128;"16.9950231	";4,6;11;NaN;Wheelchair accessible entrance;NaN;NaN;Good for kids;Casual;NaN;NaN;11:00:00;21:30:00;11:00:00;21:30:00;11:00:00;21:30:00;11:00:00;21:30:00;11:00:00;21:30:00;11:00:00;21:30:00;11:00:00;21:30:00;1
Grillburger;Popowicka 26, 50-001 Wroc?w;grillburger.com.pl;51.1257907;"16.9950511	";4,1;467;NaN;Wheelchair accessible entrance;NaN;delivery;Good for kids;Cosy, Casual;Groups;NaN;11:00:00;21:30:00;11:00:00;21:30:00;11:00:00;21:30:00;11:00:00;21:30:00;11:00:00;21:30:00;11:00:00;21:30:00;11:00:00;21:30:00;1
Food Box Pizza&Pasta;04:00ska 11A, 54-210 Wroc?w;foodboxwro.com;51.1223819;"16.9792078	";4,4;38;NaN;NaN;NaN;delivery;NaN;Casual;NaN;NaN;closed;Closed;closed;Closed;12:00:00;21:00:00;12:00:00;21:00:00;12:00:00;22:00:00;12:00:00;22:00:00;12:00:00;22:00:00;0
Bistro Bar Tymianek;04:00ska 5, 50-001 Wroc?w;https://www.facebook.com/Bistro-Bar-Tymianek-515086388534471/;51.1240707;"16.9798581	";4,6;18;NaN;Wheelchair accessible entrance;NaN;NaN;NaN;Cosy, Casual;NaN;NaN;09:00:00;17:00:00;09:00:00;17:00:00;09:00:00;17:00:00;09:00:00;17:00:00;09:00:00;17:00:00;closed;Closed;closed;Closed;0
LeSer;Wejherowska 19a, 54-239 Wroc?w;leserwro.pl;51.1260889;"16.983388	";4,4;145;NaN;Wheelchair accessible entrance;NaN;dinner, supper, delivery;Good for kids;Cosy, Casual;Family friendly, Groups;NaN;11:00:00;22:00:00;11:00:00;22:00:00;11:00:00;22:00:00;11:00:00;22:00:00;11:00:00;22:00:00;11:00:00;22:00:00;11:00:00;22:00:00;0
Kozacka Chatka;Wejherowska 19a, 54-239 Wroc?w;kozackachatka.pl;51.1263469;"16.9831507	";4,3;150;NaN;NaN;vegan;delivery;Good for kids;Casual;NaN;NaN;10:00:00;19:00:00;10:00:00;19:00:00;10:00:00;19:00:00;10:00:00;19:00:00;10:00:00;19:00:00;12:00:00;18:00:00;12:00:00;18:00:00;0
Burgery z Pakamery;Lotnicza 14, 54-155 Wroc?w;https://www.facebook.com/BurgeryZPakamery/;51.127378;"16.9748493	";4,8;4;garden;NaN;NaN;dinner;NaN;Casual;NaN;NFC, debit card;11:00:00;16:00:00;11:00:00;16:00:00;11:00:00;16:00:00;11:00:00;16:00:00;11:00:00;16:00:00;closed;Closed;closed;Closed;0
Pizzeria Bravo;Szybowcowa 1, 54-130 Wroc?w;bravo.wroclaw.pl;51.127378;"16.9748493	";3,3;239;NaN;Wheelchair accessible entrance;NaN;delivery;Good for kids;Cosy, Casual;Groups;NaN;11:00:00;22:00:00;11:00:00;22:00:00;11:00:00;22:00:00;11:00:00;22:00:00;11:00:00;22:00:00;11:00:00;22:00:00;11:00:00;22:00:00;1
Bar Karmazyn;Horbaczewskiego 4/6, 50-001 Wroc?w;bar-karmazyn.pl;51.1266502;"16.9742439	";3,4;24;NaN;Wheelchair accessible entrance;NaN;NaN;Good for kids;Casual;Groups;NaN;10:00:00;19:00:00;10:00:00;19:00:00;10:00:00;19:00:00;10:00:00;19:00:00;10:00:00;19:00:00;10:00:00;18:00:00;10:00:00;17:00:00;0
Bar Astra;Horbaczewskiego 4/6, 50-001 Wroc?w;NaN;51.1266801;"16.9737824	";2,8;4;NaN;NaN;NaN;NaN;NaN;NaN;NaN;NaN;09:00:00;19:30:00;09:00:00;19:30:00;09:00:00;19:30:00;09:00:00;19:30:00;09:00:00;19:30:00;09:00:00;15:30:00;closed;NaN;0
Monster Cook;Horbaczewskiego 4/6, 50-001 Wroc?w;https://www.facebook.com/monstrecook/;51.1268252;"16.9735204	";4,2;4;NaN;NaN;NaN;NaN;NaN;NaN;NaN;NaN;NaN;NaN;NaN;NaN;NaN;NaN;NaN;NaN;NaN;NaN;NaN;NaN;NaN;NaN;0
Pizza Hut Wroc?w Astra;Horbaczewskiego 4/6, 54-130 Wroc?w;pizzahut.pl;51.1266365;"16.9735023	";2,4;7;NaN;NaN;NaN;NaN;NaN;NaN;NaN;NaN;NaN;NaN;NaN;NaN;NaN;NaN;NaN;NaN;NaN;NaN;NaN;NaN;NaN;NaN;1
Dobra Pizza Ristorante&Pizza;Bulwar Ikara 13-15 pasa?s?neczny, 54-130 Wroc?w;dobrapizza.pl;51.1259773;"16.9700713	";3,9;267;NaN;Wheelchair accessible entrance;NaN;delivery;NaN;Cosy, Casual;Groups;NaN;11:00:00;22:00:00;11:00:00;22:00:00;11:00:00;22:00:00;11:00:00;22:00:00;11:00:00;22:00:00;12:00:00;00:00:00;12:00:00;21:00:00;0
Telepizza - pizza Wroc?w;Horbaczewskiego 21a, 50-001 Wroc?w;telepizza.pl;51.1256817;"16.971143	";2,9;49;NaN;NaN;salad, Happy hour food;breakfast,  supper, catering, dessert, delivery;Good for kids;Casual;NaN;NaN;10:00:00;00:00:00;10:00:00;00:00:00;10:00:00;00:00:00;10:00:00;00:00:00;10:00:00;01:00:00;10:00:00;01:00:00;10:00:00;00:00:00;1
Restauracja Orbita;Wejherowska 34, 54-239 Wroc?w;NaN;51.1318663;"16.9851693	";3,5;16;NaN;Wheelchair accessible entrance;beer, wine, All you can eat ;NaN;NaN;Casual;Groups;NaN;07:00:00;22:00:00;07:00:00;22:00:00;07:00:00;22:00:00;07:00:00;22:00:00;07:00:00;22:00:00;07:00:00;22:00:00;07:00:00;21:00:00;0
Lido. Pizzeria;Dziadosza?? 48, 54-153 Wroc?w;pizzerialido.pl;51.13745;"16.9780155	";3,8;87;NaN;Wheelchair accessible entrance;NaN;delivery;NaN;Cosy, Casual;Groups;NaN;12:00:00;22:00:00;12:00:00;22:00:00;12:00:00;22:00:00;12:00:00;22:00:00;12:00:00;22:00:00;12:00:00;22:00:00;12:00:00;22:00:00;0
PIZZAMOBILE;Bajana 1, 54-129 Wroc?w;pizzamobile.pl;51.1305727;"16.9621946	";4,2;62;NaN;Wheelchair accessible entrance;Late-night food;delivery;NaN;Casual;NaN;NaN;12:00:00;22:00:00;12:00:00;22:00:00;12:00:00;22:00:00;12:00:00;22:00:00;12:00:00;22:00:00;12:00:00;22:00:00;12:00:00;22:00:00;0
Bar Kuchcik;Bajana 1/101, 50-001 Wroc?w;NaN;51.1305404;"16.9627109	";4,4;12;NaN;NaN;NaN;NaN;NaN;NaN;NaN;NaN;10:00:00;20:00:00;10:00:00;20:00:00;10:00:00;20:00:00;10:00:00;20:00:00;10:00:00;20:00:00;10:00:00;18:00:00;10:00:00;16:00:00;0
Madagaskar;Bajana 1, 54-130 Wroc?w;madagaskar-net.pl;51.1303763;"16.9632425	";4,5;147;NaN;Wheelchair accessible entrance;NaN;NaN;NaN;Cosy, Casual;Groups;NaN;10:00:00;20:00:00;10:00:00;20:00:00;10:00:00;20:00:00;10:00:00;20:00:00;10:00:00;20:00:00;10:00:00;20:00:00;10:00:00;16:00:00;0
Dobra Karma;Ko?iuszki 23, 11-400 Wroc?w;NaN;51.10254;17.0315337;4,3;311;Great cocktails, live music;Wheelchair accessible entrance;Beer,Kids' menu,Late-night food,Organic dishes,Vegetarian options,Wine;Breakfast,Lunch,Dinner,Catering,dessert,Seating;Bar onsite,Good for kids,High chairs,toilet,Wi-Fi;Casual,Cosy;Family friendly,Groups;debit card,Credit cards;10:00:00;00:00:00;10:00:00;00:00:00;10:00:00;00:00:00;10:00:00;00:00:00;10:00:00;00:00:00;09:00:00;22:00:00;09:00:00;22:00:00;0
Pizzeria Si;Wojciecha Bogus?wskiego 89, 50-031 Wroc?w;NaN;51.0999475;17.0298801;4,7;538;Outdoor seating;NaN;Beer;Lunch,Dinner,Seating;Bar onsite,Good for kids;Casual,Cosy;Family friendly;NaN;12:00:00;23:30:00;12:00:00;23:30:00;12:00:00;23:30:00;12:00:00;23:30:00;12:00:00;23:30:00;12:00:00;23:30:00;12:00:00;23:30:00;0
Pizzeria  Taormina;Januszowicka 11, 11-400 Wroc?w;pizzeria-taormina.com;51.0829487;17.0123304;4;191;NaN;Wheelchair accessible entrance;Kids' menu,Vegetarian options;delivery;Good for kids;Casual,Cosy;Groups;NaN;NaN;NaN;12:00:00;23:00:00;12:00:00;23:00:00;12:00:00;23:00:00;12:00:00;23:00:00;12:00:00;23:00:00;12:00:00;23:00:00;0
Confectionery Krzycka Sikorscy;Sokola 52, 11-400 Wroc?w;cukiernia-krzycka.wroclaw.pl;51.0818661;17.0104247;4,6;70;NaN;NaN;NaN;NaN;NaN;NaN;NaN;NaN;09:00:00;19:00:00;09:00:00;19:00:00;09:00:00;19:00:00;09:00:00;19:00:00;09:00:00;19:00:00;09:00:00;19:00:00;10:00:00;17:00:00;0
Agawa;Andrzeja Walig??iego 1, 53-141 Wroc?w;restauracja-wroclaw.pl;51.0751564;17.0094048;3,9;296;Great cocktails;Wheelchair accessible entrance;NaN;NaN;Bar onsite,Good for kids;Casual,Cosy;Groups;NaN;12:00:00;22:00:00;12:00:00;22:00:00;12:00:00;22:00:00;12:00:00;22:00:00;12:00:00;22:00:00;10:00:00;22:00:00;10:00:00;22:00:00;0
Antresola by nigdy nie zapomne;Zwyci?a 14f, 53-033 Wroc?w;antresola.wroclaw.pl;51.0582335;17.0128495;4,5;137;NaN;Wheelchair accessible entrance;Beer,Wine;NaN;Good for kids;Casual,Cosy;Groups;NaN;01:00:00;10:00:00;13:00:00;22:00:00;13:00:00;22:00:00;13:00:00;22:00:00;13:00:00;22:00:00;13:00:00;22:00:00;13:00:00;21:00:00;0
Pepe Ristorante;Bart?mieja Strachowskiego 12, 52-210 Wroc?w;pepepizza.pl;51.0579284;17.0188469;4,3;325;Great cocktails;Wheelchair accessible entrance;Late-night food,Vegetarian options;delivery;Good for kids;Casual,Cosy;Groups;NaN;12:00:00;22:00:00;12:00:00;22:00:00;12:00:00;22:00:00;12:00:00;22:00:00;12:00:00;23:00:00;12:00:00;23:00:00;12:00:00;22:00:00;1
Stodo?;52-210, Bart?mieja Strachowskiego 31, 50-001 Wroc?w;stodolawroclaw.pl;51.0572718;17.0200324;4,1;146;NaN;Wheelchair accessible entrance;Beer,Kids' menu,Late-night food,Wine;delivery;Bar onsite,Good for kids;Casual,Cosy;Groups;NaN;12:00:00;22:00:00;12:00:00;22:00:00;12:00:00;22:00:00;12:00:00;22:00:00;12:00:00;22:00:00;12:00:00;22:00:00;12:00:00;22:00:00;0
Gospoda O?aszy??;Kutrzeby 3, 52-007 Wroc?w;NaN;51.0564339;17.0217618;4,1;21;Fireplace,Outdoor seating;Wheelchair accessible entrance;Beer,Kids' menu,Late-night food,Vegetarian options,Wine;Catering,Seating;Bar onsite,Good for kids;Casual,Cosy;Family friendly,Groups;cash;NaN;NaN;NaN;NaN;NaN;NaN;NaN;NaN;NaN;NaN;NaN;NaN;NaN;NaN;0
Wo?wina;Bart?mieja Strachowskiego 7a, 50-001 Wroc?w;wolawina.pl;51.05661;17.0239102;4,1;112;Great cocktails;Wheelchair accessible entrance;Beer,Kids' menu,Late-night food,Wine;NaN;Bar onsite;Casual,Cosy;Groups;NaN;09:00:00;22:00:00;12:00:00;22:00:00;12:00:00;22:00:00;12:00:00;22:00:00;12:00:00;22:00:00;12:00:00;22:00:00;12:00:00;22:00:00;0
Kiss The Cook;Borowska 266, 11-400 Wroc?w;kissthecook.pl;51.0718212;17.0330907;4,4;248;Great cocktails;Wheelchair accessible entrance;Beer,Kids' menu,Late-night food,Vegetarian options,Wine;delivery;Bar onsite,Good for kids;Casual,Cosy;NaN;NaN;09:00:00;22:00:00;09:00:00;22:00:00;09:00:00;22:00:00;09:00:00;22:00:00;09:00:00;22:00:00;09:00:00;22:00:00;09:00:00;22:00:00;0
Pinola;?ieradowska 51/57, 50-559 Wroc?w;NaN;51.0762779;17.0424731;4,5;222;Great cocktails;Wheelchair accessible entrance;Beer,Kids' menu,Late-night food,Wine;NaN;Bar onsite,Good for kids;Casual,Cosy;Groups;NaN;12:00:00;22:00:00;12:00:00;22:00:00;12:00:00;22:00:00;12:00:00;22:00:00;12:00:00;22:00:00;12:00:00;22:00:00;12:00:00;22:00:00;0
Osiem Misek;Borowska 116, 50-552 Wroc?w;osiemmisek.pl;51.0844411;17.0355678;4,7;557;NaN;Wheelchair accessible entrance;NaN;NaN;NaN;Casual,Cosy;NaN;NaN;12:00:00;20:00:00;12:00:00;20:00:00;12:00:00;20:00:00;12:00:00;20:00:00;12:00:00;20:00:00;12:00:00;20:00:00;12:00:00;19:00:00;1
Siesta Trattoria;?iczna 22A/5, 11-400 Wroc?w;siestatrattoria.pl;51.085313;17.0375124;4,6;755;NaN;Wheelchair accessible entrance;Kids' menu;NaN;Good for kids;Casual,Cosy;Groups;NaN;12:00:00;22:00:00;12:00:00;22:00:00;12:00:00;22:00:00;12:00:00;22:00:00;12:00:00;22:00:00;12:00:00;22:00:00;12:00:00;22:00:00;0
Great House;Borowska 102/104, 11-400 Wroc?w;casagrande.pl;51.0853913;17.0357609;4,1;193;NaN;Wheelchair accessible entrance;NaN;delivery;Good for kids;Casual,Cosy;Groups;NaN;12:00:00;22:00:00;12:00:00;22:00:00;12:00:00;22:00:00;12:00:00;22:00:00;12:00:00;22:00:00;12:00:00;22:00:00;12:00:00;22:00:00;0
Center Pizza;?iczna 22a/8, 50-566 Wroc?w;center-pizza.pl;51.0851791;17.0379844;2,4;136;NaN;NaN;Happy hour food;delivery;NaN;Casual;Family friendly;NaN;12:00:00;02:00:00;12:00:00;02:00:00;12:00:00;02:00:00;12:00:00;02:00:00;12:00:00;02:00:00;12:00:00;02:00:00;12:00:00;02:00:00;0
Party Pizza;Wieczysta 113C, 50-550 Wroc?w;partypizza.pl;51.0867114;17.0405889;3,6;72;NaN;NaN;NaN;delivery;NaN;Casual;NaN;NaN;11:00:00;23:00:00;11:00:00;23:00:00;11:00:00;23:00:00;11:00:00;23:00:00;11:00:00;01:00:00;11:00:00;01:00:00;11:00:00;23:00:00;1
Pizza Hut;Kamienna 145, 50-001 Wroc?w;pizzahut.pl;51.0855093;17.0457843;3,2;120;NaN;Wheelchair accessible entrance;Kids' menu,Late-night food,Vegetarian options;Lunch,Dinner,delivery;NaN;Casual;NaN;debit card;11:00:00;23:00:00;11:00:00;23:00:00;11:00:00;23:00:00;11:00:00;23:00:00;11:00:00;00:00:00;11:00:00;00:00:00;11:00:00;23:00:00;1
Pizza Station;Widna 6, 50-996 Wroc?w;pizzastation.pl;51.0833737;17.0455536;3,8;85;NaN;Wheelchair accessible entrance;NaN;delivery;NaN;Casual;NaN;NaN;11:00:00;22:00:00;11:00:00;22:00:00;11:00:00;22:00:00;11:00:00;22:00:00;11:00:00;22:00:00;11:00:00;22:00:00;11:00:00;22:00:00;1
Pizzeria Stopiatka;aleja Armii Krajowej 8B, 50-541 Wroc?w;105.pl;51.083666;17.0382366;4,1;34;NaN;NaN;NaN;delivery;NaN;Casual;NaN;NaN;17:00:00;03:00:00;17:00:00;03:00:00;17:00:00;03:00:00;17:00:00;03:00:00;17:00:00;03:00:00;12:00:00;03:00:00;12:00:00;03:00:00;1
Pizzeria Taormina;?dzka 25, 50-001 Wroc?w;pizzeria-taormina.com;51.0907363;17.0374654;3,4;182;NaN;NaN;NaN;delivery;NaN;Casual;NaN;NaN;11:00:00;23:00:00;11:00:00;23:00:00;11:00:00;23:00:00;11:00:00;23:00:00;11:00:00;00:00:00;11:00:00;00:00:00;11:00:00;23:00:00;1
Pizza Express Gyros & Kebab;Weso? 2/1a, 50-535 Wroc?w;express-pizzeria.pl;51.0915542;17.0341153;3,8;209;NaN;Wheelchair accessible entrance;NaN;delivery;NaN;Casual;Groups;NaN;12:00:00;22:00:00;12:00:00;22:00:00;12:00:00;22:00:00;12:00:00;22:00:00;11:00:00;23:00:00;11:00:00;23:00:00;11:00:00;22:00:00;0
Luxor Kebab;Borowska 44, 50-557 Wroc?w;NaN;51.0917921;17.0340362;3,6;163;Live music;NaN;Late-night food,Vegetarian options;delivery,dessert,Seating;NaN;Casual;Family friendly;NaN;11:00:00;22:00:00;11:00:00;22:00:00;11:00:00;22:00:00;11:00:00;22:00:00;11:00:00;22:00:00;11:00:00;22:00:00;11:00:00;22:00:00;1
Express Oriental;CH Wroclavia, Sucha 1, 50-086 Wroc?w;NaN;51.0958165;17.0336654;3,8;15;NaN;NaN;NaN;NaN;NaN;NaN;NaN;NaN;09:00:00;22:00:00;09:00:00;22:00:00;09:00:00;22:00:00;09:00:00;22:00:00;09:00:00;22:00:00;09:00:00;22:00:00;09:00:00;22:00:00;1
Izumi Sushi;Wroclaw;NaN;51.0959997;17.0340436;3,4;25;NaN;Wheelchair accessible entrance;NaN;NaN;Bar Onsite;Casual,Cosy;Groups;NaN;09:00:00;22:00:00;09:00:00;22:00:00;09:00:00;22:00:00;09:00:00;22:00:00;09:00:00;22:00:00;09:00:00;22:00:00;09:00:00;22:00:00;1
Pasibus;Wroclaw;NaN;51.0962334;17.0337861;4,5;63;NaN;Wheelchair accessible entrance;Beer,Vegetarian options;Lunch,Dinner,dessert,Seating;Bar onsite,Good for kids,High chairs;Casual;Family friendly;cash,debit card;09:00:00;22:00:00;09:00:00;22:00:00;09:00:00;22:00:00;09:00:00;22:00:00;09:00:00;22:00:00;09:00:00;22:00:00;09:00:00;22:00:00;1
Ekspress Kuchnia Marche;Po?dnie, 50-001, 11-400 Wroc?w;NaN;51.0966924;17.0335715;0;0;NaN;NaN;NaN;NaN;NaN;NaN;NaN;NaN;09:00:00;21:00:00;09:00:00;21:00:00;09:00:00;21:00:00;09:00:00;21:00:00;09:00:00;21:00:00;09:00:00;21:00:00;09:00:00;21:00:00;1
KFC;Sucha 2, 50-086 Wroc?w;kfc.pl;51.0969704;17.0335729;3,1;14;NaN;Wheelchair accessible,Wheelchair accessible car park,Wheelchair accessible entrance,Wheelchair accessible lift,Wheelchair accessible seating,Wheelchair accessible toilet;NaN;Lunch,Dinner;Good for kids;Casual;Groups;debit card;08:30:00;22:30:00;08:30:00;22:30:00;08:30:00;22:30:00;08:30:00;22:30:00;08:30:00;23:00:00;08:30:00;23:00:00;08:30:00;22:30:00;1
Food Republik;CH Wroclavia, Sucha 1, 50-086 Wroc?w;NaN;51.0969485;17.0338773;3,2;16;NaN;Wheelchair accessible entrance;NaN;NaN;Bar Onsite;Casual;Groups;NaN;09:00:00;21:00:00;09:00:00;21:00:00;09:00:00;21:00:00;09:00:00;21:00:00;09:00:00;21:00:00;09:00:00;21:00:00;09:00:00;21:00:00;1
Doner Kebab;CH Wroclavia, Sucha 1, 50-086 Wroc?w;NaN;51.0965703;17.0344667;1,5;13;NaN;NaN;NaN;NaN;NaN;NaN;NaN;NaN;09:00:00;21:00:00;09:00:00;21:00:00;09:00:00;21:00:00;09:00:00;21:00:00;09:00:00;21:00:00;09:00:00;21:00:00;09:00:00;21:00:00;1
McDonalds;Pi?udskiego 105, 50-085 Wroc?w;mcdonalds.pl;51.0988838;17.0362115;3,8;246;Outdoor seating;Wheelchair accessible entrance,Wheelchair accessible toilet;Kids' menu,Late-night food,Vegetarian options;Breakfast,Lunch,Dinner,dessert;Good for kids,High chairs,toilet;Casual;Groups;debit card,nfc;04:00:00;00:00:00;04:00:00;00:00:00;04:00:00;00:00:00;04:00:00;01:00:00;04:00:00;01:00:00;04:00:00;01:00:00;04:00:00;00:00:00;1
KFC;Pi?udskiego 105, 50-085 Wroc?w;kfc.pl;51.098789;17.036995;3,5;184;NaN;Wheelchair accessible car park,Wheelchair accessible entrance,Wheelchair accessible toilet;Kids' menu,Late-night food;Breakfast,Lunch,Dinner,dessert;Good for kids,High chairs,toilet;Casual;Groups;debit card;03:00:00;02:00:00;03:00:00;02:00:00;03:00:00;02:00:00;03:00:00;02:00:00;03:00:00;02:00:00;03:00:00;02:00:00;03:00:00;02:00:00;1
Bistro Station;Pi?udskiego 98, 50-017 Wroc?w;bistro-station.business.site;51.100165;17.0355631;4,3;64;NaN;Wheelchair accessible entrance;Beer,Vegetarian options,Wine;NaN;Good for kids;Casual,Cosy;Groups;NaN;11:00:00;20:00:00;11:00:00;20:00:00;11:00:00;20:00:00;11:00:00;20:00:00;11:00:00;20:00:00;11:00:00;20:00:00;11:00:00;20:00:00;1
Magia Smaku;Pi?udskiego 86A, 50-020 Wroc?w;NaN;51.1005589;17.0339772;3,9;28;NaN;NaN;NaN;NaN;toilet;Casual;Groups;NaN;09:00:00;18:00:00;09:00:00;18:00:00;09:00:00;18:00:00;09:00:00;18:00:00;09:00:00;18:00:00;NaN;NaN;NaN;NaN;0
Kawiarnia Europejska;Pi?udskiego 88, 50-017 Wroc?w;kawiarniaeuropejska.pl;51.1003707;17.0344855;3,8;18;NaN;NaN;Beer,Wine;NaN;Bar onsite;Casual,Cosy;Groups;NaN;10:00:00;20:00:00;10:00:00;20:00:00;10:00:00;20:00:00;10:00:00;20:00:00;10:00:00;20:00:00;10:00:00;20:00:00;10:00:00;20:00:00;0
Abradable;Ko??aja 26, 50-007 Wroc?w;abradable.pl;51.1018352;17.0368653;4;310;NaN;Wheelchair accessible entrance;Beer;delivery;Bar onsite,Good for kids;Casual;Groups;NaN;10:00:00;22:00:00;10:00:00;22:00:00;10:00:00;22:00:00;10:00:00;22:00:00;10:00:00;22:00:00;10:00:00;22:00:00;10:00:00;22:00:00;0
Bar Ma?;Ko??aja 27, 50-004 Wroc?w;NaN;51.1022499;17.0369813;4,1;38;NaN;NaN;NaN;NaN;NaN;NaN;NaN;NaN;11:00:00;20:00:00;11:00:00;20:00:00;11:00:00;20:00:00;11:00:00;20:00:00;11:00:00;20:00:00;11:00:00;19:00:00;NaN;NaN;0
Pizzeria Roma;Ko??aja 29, 50-007 Wroc?w;pizzeriaroma.eu;51.1026344;17.0370832;3,9;151;NaN;NaN;NaN;delivery;Good for kids;Casual,Cosy;Groups;NaN;12:00:00;22:00:00;12:00:00;22:00:00;12:00:00;22:00:00;12:00:00;22:00:00;12:00:00;22:00:00;13:00:00;22:00:00;13:00:00;22:00:00;0
Dominos Pizza;Ko?iuszki 83, 11-400 Wroc?w;dominospizza.pl;51.1007892;17.0413164;4;109;NaN;NaN;NaN;delivery;NaN;Casual;NaN;NaN;11:00:00;23:00:00;11:00:00;23:00:00;11:00:00;23:00:00;11:00:00;23:00:00;11:00:00;00:00:00;11:00:00;00:00:00;11:00:00;23:00:00;1
Bistro Ko?iuszki;Ko?iuszki 80, 50-441 Wroc?w;bistro-kosciuszki.pl;51.1012331;17.0407853;3,6;7;Women-led;NaN;Organic dishes,Vegetarian options;Lunch,Dinner,dessert,Seating;High chairs,Wi-Fi;Casual;NaN;Credit Cards;12:00:00;20:00:00;12:00:00;20:00:00;12:00:00;20:00:00;12:00:00;20:00:00;12:00:00;20:00:00;NaN;NaN;NaN;NaN;0
Folgujemy;Kniaziewicza 16, 11-400 Wroc?w;NaN;51.1018845;17.0423236;4,6;186;NaN;Wheelchair accessible entrance;NaN;NaN;Good for kids;Casual,Cosy;Groups;NaN;08:00:00;19:00:00;08:00:00;19:00:00;08:00:00;19:00:00;08:00:00;19:00:00;08:00:00;20:00:00;08:00:00;20:00:00;08:00:00;19:00:00;0
Bar Detes;Kniaziewicza 9, 50-001 Wroc?w;bar-detes.business.site;51.102039;17.0412071;4,3;47;NaN;Wheelchair accessible entrance;NaN;NaN;Good for kids;Casual,Cosy;NaN;NaN;09:00:00;19:00:00;09:00:00;19:00:00;09:00:00;19:00:00;09:00:00;19:00:00;09:00:00;19:00:00;11:00:00;16:30:00;NaN;NaN;0
Bar Mleczny;Genera? Romualda Traugutta 81, 11-400 Wroc?w;NaN;51.1022369;17.0514169;4,4;49;NaN;NaN;NaN;NaN;NaN;NaN;NaN;NaN;09:00:00;19:00:00;09:00:00;19:00:00;09:00:00;19:00:00;09:00:00;19:00:00;09:00:00;19:00:00;10:00:00;16:00:00;NaN;NaN;0
Chi?? Wiatr;Genera? Romualda Traugutta 104, 50-001 Wroc?w;NaN;51.1009379;17.0535111;4,1;171;NaN;NaN;Beer,Wine;dessert;Good for kids;Casual,Cosy;Family friendly,Groups;debit card;12:00:00;21:00:00;12:00:00;21:00:00;12:00:00;21:00:00;12:00:00;21:00:00;12:00:00;21:00:00;12:00:00;21:00:00;12:00:00;21:00:00;0
Gruby Benek;147, Ko?iuszki, 11-400 Wroc?w;grubybenek.pl;51.0988531;17.050621;3,2;213;NaN;NaN;NaN;delivery;NaN;Casual;Groups;NaN;12:00:00;00:00:00;12:00:00;00:00:00;12:00:00;00:00:00;12:00:00;02:00:00;12:00:00;02:00:00;12:00:00;02:00:00;12:00:00;00:00:00;0
McDonalds;Krakowska 6/7, 50-001 Wroc?w;mcdonalds.pl;51.0957845;17.0562114;4,2;571;Outdoor seating;Wheelchair accessible car park,Wheelchair accessible entrance,Wheelchair accessible toilet;Kids' menu,Late-night food;Breakfast,Lunch,Dinner,dessert;Good for kids,High chairs,toilet;Casual;Groups;debit card;07:00:00;01:00:00;07:00:00;01:00:00;07:00:00;01:00:00;07:00:00;01:00:00;07:00:00;01:00:00;07:00:00;01:00:00;07:00:00;01:00:00;1
KempaFood SteakHouse;50-428, Krakowska 141, 50-001 Wroc?w;restauracjakempa.pl;51.0829116;17.0744665;4,1;143;NaN;Wheelchair accessible entrance;Beer,Wine;NaN;Bar onsite;Casual,Cosy;Groups;NaN;08:00:00;20:00:00;08:00:00;20:00:00;08:00:00;20:00:00;08:00:00;20:00:00;08:00:00;20:00:00;12:00:00;20:00:00;12:00:00;20:00:00;0
Pietro Pan Pizza;Opolska 33, 50-001 Wroc?w;pietropanpizza.pl;51.0792774;17.0814013;3,4;101;NaN;NaN;NaN;delivery;NaN;Casual;NaN;NaN;12:00:00;23:00:00;12:00:00;23:00:00;12:00:00;23:00:00;12:00:00;23:00:00;12:00:00;23:00:00;12:00:00;23:00:00;12:00:00;23:00:00;0
Pizza Ciao Ciao Ksi? Ma?;Tarnog??a 1, 52-021 Wroc?w;pizzaciaociao.pl;51.074896;17.0852852;4,1;49;NaN;Wheelchair accessible entrance;NaN;delivery;Good for kids;Casual,Cosy;NaN;NaN;12:00:00;22:00:00;12:00:00;22:00:00;12:00:00;22:00:00;12:00:00;22:00:00;12:00:00;22:00:00;12:00:00;22:00:00;12:00:00;22:00:00;1
Kalimera;aleja Armii Krajowej 14c/1, 53-041 Wroc?w;pizzeriakalimera.pl;51.0837494;17.0393577;3,5;91;NaN;Wheelchair accessible entrance;NaN;delivery;NaN;Casual,Cosy;NaN;NaN;20:00:00;03:00:00;20:00:00;03:00:00;20:00:00;03:00:00;20:00:00;03:00:00;20:00:00;03:00:00;20:00:00;03:00:00;20:00:00;03:00:00;0
McDonalds;Bardzka 3, 50-516 Wroc?w;mcdonalds.pl;51.082385;17.0487676;4,1;1122;Outdoor seating;Wheelchair accessible car park,Wheelchair accessible entrance,Wheelchair accessible seating,Wheelchair accessible toilet,;Kids' menu,Late-night food;Breakfast,Lunch,Dinner,dessert;Good for kids,High chairs,toilet;Casual,Cosy;Groups;debit card;NaN;NaN;NaN;NaN;NaN;NaN;NaN;NaN;NaN;NaN;NaN;NaN;NaN;NaN;1
Karczma Katarzyna;G?wna 28, 55-010 ?i? Katarzyna;karczmakatarzyna.pl;51.0303226;17.1207091;4,5;188;NaN;NaN;Beer,Wine;NaN;Bar onsite,Good for kids;Casual,Cosy;Groups;NaN;13:00:00;22:00:00;13:00:00;22:00:00;13:00:00;22:00:00;13:00:00;22:00:00;13:00:00;22:00:00;13:00:00;22:00:00;13:00:00;22:00:00;0
Karczma Pa?ik;Strzeli?? 8, 55-010 ?rniki Wroc?wskie;NaN;51.0316249;17.0646966;4,4;162;Great cocktails;Wheelchair accessible entrance;Beer,Wine;NaN;Bar onsite,Good for kids;Casual,Cosy;Groups;NaN;12:00:00;21:00:00;12:00:00;21:00:00;12:00:00;21:00:00;12:00:00;21:00:00;12:00:00;21:00:00;12:00:00;21:00:00;12:00:00;21:00:00;0
Restauracja Szopska;53-014, Zwyci?a 14e, 53-033 Wroc?w;NaN;51.0582824;17.0122164;3;1;NaN;NaN;NaN;NaN;Bar onsite;Casual;Groups;NaN;NaN;NaN;NaN;NaN;NaN;NaN;NaN;NaN;NaN;NaN;NaN;NaN;NaN;NaN;1
Wo?wina;Bart?mieja Strachowskiego 7a, 50-001 Wroc?w;wolawina.pl;51.05661;17.0239109;4,1;113;Great cocktails;Wheelchair accessible entrance,Wheelchair accessible seating,Wheelchair accessible toilet;Beer,Kids' menu,Late-night food,Wine;NaN;Bar onsite;Casual,Cosy;Groups;NaN;09:00:00;22:00:00;12:00:00;22:00:00;12:00:00;22:00:00;12:00:00;22:00:00;12:00:00;22:00:00;12:00:00;22:00:00;12:00:00;22:00:00;1
Brylantowa 16 - Kuchnia Emocjonalna;Brylantowa 16, 52-214 Wroc?w;NaN;51.048146;17.0278698;4,3;167;NaN;Wheelchair accessible entrance;Beer,Wine;NaN;Bar onsite,Good for kids;Casual,Cosy;Groups;NaN;12:00:00;22:00:00;12:00:00;22:00:00;12:00:00;22:00:00;12:00:00;22:00:00;12:00:00;22:00:00;09:00:00;22:00:00;09:00:00;21:00:00;1
Italian Restaurant;Antonia Vivaldiego 7, 52-129 Wroc?w;pizza4poryroku.pl;51.0510715;17.0614752;4,4;107;NaN;Wheelchair accessible entrance;NaN;delivery;Good for kids;Casual,Cosy;Groups;NaN;12:00:00;22:00:00;12:00:00;22:00:00;12:00:00;22:00:00;12:00:00;22:00:00;12:00:00;22:00:00;12:00:00;22:00:00;14:00:00;20:00:00;1
Pizzeria Pory Roku;Wagnera 18a, 52-129 Wroc?w;pizzaporyroku.pl;51.0529835;17.0611802;3,8;146;NaN;Wheelchair accessible entrance;Beer,Wine;Catering,delivery,Seating;Bar onsite,Good for kids;Casual,Cosy;Family friendly,Groups;Reservations required;12:00:00;22:00:00;12:00:00;22:00:00;12:00:00;22:00:00;12:00:00;22:00:00;12:00:00;22:30:00;12:00:00;22:30:00;12:00:00;22:00:00;1
Pizzeria Pan Smak;Grota-Roweckiego 75/79, 50-001 Wroc?w;pansmak.pl;51.062177;17.0318663;4,6;60;NaN;Wheelchair accessible car park,Wheelchair accessible entrance;Kids' menu,Late-night food;delivery;Good for kids;Casual,Cosy;Groups;NaN;12:00:00;22:00:00;12:00:00;22:00:00;12:00:00;22:00:00;12:00:00;22:00:00;12:00:00;22:00:00;12:00:00;22:00:00;12:00:00;22:00:00;1
Gerberowa 22;Gerberowa 22, 50-001 Wroc?w;NaN;51.0567226;17.0300726;0;0;NaN;NaN;NaN;NaN;NaN;NaN;NaN;NaN;NaN;NaN;NaN;NaN;NaN;NaN;NaN;NaN;NaN;NaN;NaN;NaN;NaN;NaN;0
Pub Ewa;Admira? J??a Unruga 57, 52-212 Wroc?w;NaN;51.0541759;17.0234234;4,5;21;Bar games;NaN;Beer;NaN;toilet;Casual,Cosy;NaN;NaN;NaN;NaN;NaN;NaN;NaN;NaN;NaN;NaN;NaN;NaN;NaN;NaN;NaN;NaN;0
Resstaurant LOT Kitchen;Walerego Goetla 11, 52-216 Wroc?w;resstaurant.pl;51.0535839;17.0260479;4,6;61;Great cocktails,Outdoor seating;Wheelchair accessible car park,Wheelchair accessible entrance,Wheelchair accessible seating,Wheelchair accessible toilet;Beer,Kids' menu,Late-night food,Organic dishes,Vegetarian options,Wine;Lunch,Dinner,Catering,dessert,Seating;Bar onsite,Good for kids,High chairs,toilet,Wi-Fi;Casual,Cosy;Family friendly,Groups;cash;NaN;NaN;NaN;NaN;12:00:00;21:00:00;12:00:00;21:00:00;12:00:00;21:00:00;12:00:00;21:00:00;12:00:00;20:00:00;0
